{
    "ArtNo": "100",
    "Attributs": [
        {
            "Attribute": "Description",
            "Value": "Clé à ergots pour écrous à empreintes sur le dessus",
            "SortNo": 1
        },
        {
            "Attribute": "Ø\nmm",
            "Value": "4,8-5,8 \n6,9-7,9",
            "SortNo": 2
        },
        {
            "Attribute": "L \nmm",
            "Value": "250",
            "SortNo": 3
        },
        {
            "Attribute": "Ø \nmm",
            "Value": "18÷100",
            "SortNo": 4
        }
    ],
    "BrandName": "Beta",
    "BrandNo": "10013",
    "Documents": [],
    "GTIN": [
        "8014230159355"
    ],
    "GenArts": [
        {
            "Description": "Clé à ergots pour écrous à empreintes sur le dessus",
            "StandardisedArticleDescription": "Clé à ergots pour écrous à empreintes sur le dessus",
            "GenArtNo": -10013
        }
    ],
    "HasPartList": false,
    "HasTextInfo": false,
    "LogoBrand": [
        {
            "Name": "02.jpg",
            "Extension": "JPG",
            "Path": "/img/10013/02.jpg"
        }
    ],
    "Pictures": [
        {
            "Name": "100.jpg",
            "Extension": "JPG",
            "Path": "/img/10013/100.jpg",
            "SortNo": 1
        }
    ],
    "Replaced_by": [],
    "Replaces": [],
    "Status": "",
    "TradeNo": [
        "001000001"
    ],
    "URL": []
}