{
    "ArtNo": "1002",
    "Attributs": [
        {
            "Attribute": "Description",
            "Value": "Pince à anneaux auto-bloquante, becs arrondis striés, en acier inoxydable",
            "SortNo": 1
        },
        {
            "Attribute": "L \nmm",
            "Value": "160",
            "SortNo": 2
        }
    ],
    "BrandName": "Beta",
    "BrandNo": "10013",
    "Documents": [],
    "GTIN": [
        "8014230790565"
    ],
    "GenArts": [
        {
            "Description": "Pince à anneaux auto-bloquante, becs arrondis striés, en acier inoxydable",
            "StandardisedArticleDescription": "Pince à anneaux auto-bloquante, becs arrondis striés, en acier inoxydable",
            "GenArtNo": -10013
        }
    ],
    "HasPartList": false,
    "HasTextInfo": false,
    "LogoBrand": [
        {
            "Name": "14.jpg",
            "Extension": "JPG",
            "Path": "/img/10013/14.jpg"
        }
    ],
    "Pictures": [
        {
            "Name": "1002.jpg",
            "Extension": "JPG",
            "Path": "/img/10013/1002.jpg",
            "SortNo": 1
        }
    ],
    "Replaced_by": [],
    "Replaces": [],
    "Status": "",
    "TradeNo": [
        "010020001"
    ],
    "URL": []
}