{
    "ArtNo": "1008BM",
    "Attributs": [
        {
            "Attribute": "Description",
            "Value": "Pince à becs plats longs striés branches gainées confort bi-matières",
            "SortNo": 1
        },
        {
            "Attribute": "L \nmm",
            "Value": "160",
            "SortNo": 2
        },
        {
            "Attribute": "L1 \nmm",
            "Value": "51,5",
            "SortNo": 3
        },
        {
            "Attribute": "A \nmm",
            "Value": "15,9",
            "SortNo": 4
        },
        {
            "Attribute": "A1 \nmm",
            "Value": "5,5",
            "SortNo": 5
        },
        {
            "Attribute": "A2 \nmm",
            "Value": "1,5",
            "SortNo": 6
        },
        {
            "Attribute": " \ng",
            "Value": "150",
            "SortNo": 7
        }
    ],
    "BrandName": "Beta",
    "BrandNo": "10013",
    "Documents": [],
    "GTIN": [
        "8014230421919"
    ],
    "GenArts": [
        {
            "Description": "Pince à becs plats longs striés branches gainées confort bi-matières",
            "StandardisedArticleDescription": "Pince à becs plats longs striés branches gainées confort bi-matières",
            "GenArtNo": -10013
        }
    ],
    "HasPartList": false,
    "HasTextInfo": false,
    "LogoBrand": [
        {
            "Name": "06.jpg",
            "Extension": "JPG",
            "Path": "/img/10013/06.jpg"
        }
    ],
    "Pictures": [
        {
            "Name": "1008BM.jpg",
            "Extension": "JPG",
            "Path": "/img/10013/1008BM.jpg",
            "SortNo": 1
        }
    ],
    "Replaced_by": [],
    "Replaces": [],
    "Status": "",
    "TradeNo": [
        "010080036"
    ],
    "URL": []
}