{
    "ArtNo": "1009L/DP-S2",
    "Attributs": [
        {
            "Attribute": "Description",
            "Value": "Jeu de 2 pinces extra-longues à becs demi-ronds striés avec double articulation",
            "SortNo": 1
        }
    ],
    "BrandName": "Beta",
    "BrandNo": "10013",
    "Documents": [],
    "GTIN": [
        "8014230762371"
    ],
    "GenArts": [
        {
            "Description": "Jeu de 2 pinces extra-longues à becs demi-ronds striés avec double articulation",
            "StandardisedArticleDescription": "Jeu de 2 pinces extra-longues à becs demi-ronds striés avec double articulation",
            "GenArtNo": -10013
        }
    ],
    "HasPartList": false,
    "HasTextInfo": false,
    "LogoBrand": [
        {
            "Name": "06.jpg",
            "Extension": "JPG",
            "Path": "/img/10013/06.jpg"
        }
    ],
    "Pictures": [
        {
            "Name": "1009L_slash_DP-S2.jpg",
            "Extension": "JPG",
            "Path": "/img/10013/1009L_slash_DP-S2.jpg",
            "SortNo": 1
        }
    ],
    "Replaced_by": [],
    "Replaces": [],
    "Status": "",
    "TradeNo": [
        "010090060"
    ],
    "URL": []
}