{
    "ArtNo": "1009",
    "Attributs": [
        {
            "Attribute": "Description",
            "Value": "Pince extra-longue à becs demi-ronds striés, branches gainées avec double couche de PVC antidérapant",
            "SortNo": 1
        },
        {
            "Attribute": "L \nmm",
            "Value": "160",
            "SortNo": 2
        },
        {
            "Attribute": " L1 \nmm",
            "Value": "56,5",
            "SortNo": 3
        },
        {
            "Attribute": "A \nmm",
            "Value": "18,2",
            "SortNo": 4
        },
        {
            "Attribute": "A1 \nmm",
            "Value": "3,2",
            "SortNo": 5
        },
        {
            "Attribute": "A2 \nmm",
            "Value": "2,5",
            "SortNo": 6
        },
        {
            "Attribute": " \ng",
            "Value": "104",
            "SortNo": 7
        }
    ],
    "BrandName": "Beta",
    "BrandNo": "10013",
    "Documents": [],
    "GTIN": [
        "8014230435008"
    ],
    "GenArts": [
        {
            "Description": "Pince extra-longue à becs demi-ronds striés, branches gainées avec double couche de PVC antidérapant",
            "StandardisedArticleDescription": "Pince extra-longue à becs demi-ronds striés, branches gainées avec double couche de PVC antidérapant",
            "GenArtNo": -10013
        }
    ],
    "HasPartList": false,
    "HasTextInfo": false,
    "LogoBrand": [
        {
            "Name": "06.jpg",
            "Extension": "JPG",
            "Path": "/img/10013/06.jpg"
        }
    ],
    "Pictures": [
        {
            "Name": "1009.jpg",
            "Extension": "JPG",
            "Path": "/img/10013/1009.jpg",
            "SortNo": 1
        }
    ],
    "Replaced_by": [],
    "Replaces": [],
    "Status": "",
    "TradeNo": [
        "010090006"
    ],
    "URL": []
}