{
    "ArtNo": "1009L/C",
    "Attributs": [
        {
            "Attribute": "Description",
            "Value": "Pince extra-longue à becs demi-ronds striés coudés à 90° branches gainées avec double couche de PVC antidérapant",
            "SortNo": 1
        },
        {
            "Attribute": "L \nmm",
            "Value": "253",
            "SortNo": 2
        },
        {
            "Attribute": "L1 \nmm",
            "Value": "45",
            "SortNo": 3
        },
        {
            "Attribute": "A \nmm",
            "Value": "15,0",
            "SortNo": 4
        },
        {
            "Attribute": "A1 \nmm",
            "Value": "2,0",
            "SortNo": 5
        },
        {
            "Attribute": "A2 \nmm",
            "Value": "2,1",
            "SortNo": 6
        },
        {
            "Attribute": " \ng",
            "Value": "300",
            "SortNo": 7
        }
    ],
    "BrandName": "Beta",
    "BrandNo": "10013",
    "Documents": [],
    "GTIN": [
        "8014230435039"
    ],
    "GenArts": [
        {
            "Description": "Pince extra-longue à becs demi-ronds striés coudés à 90° branches gainées avec double couche de PVC antidérapant",
            "StandardisedArticleDescription": "Pince extra-longue à becs demi-ronds striés coudés à 90° branches gainées avec double couche de PVC antidérapant",
            "GenArtNo": -10013
        }
    ],
    "HasPartList": false,
    "HasTextInfo": false,
    "LogoBrand": [
        {
            "Name": "06.jpg",
            "Extension": "JPG",
            "Path": "/img/10013/06.jpg"
        }
    ],
    "Pictures": [
        {
            "Name": "1009L_slash_C.jpg",
            "Extension": "JPG",
            "Path": "/img/10013/1009L_slash_C.jpg",
            "SortNo": 1
        }
    ],
    "Replaced_by": [],
    "Replaces": [],
    "Status": "",
    "TradeNo": [
        "010090010"
    ],
    "URL": []
}