{
    "ArtNo": "100/KIT",
    "Attributs": [
        {
            "Attribute": "Description",
            "Value": "Ergots pour art. 100",
            "SortNo": 1
        }
    ],
    "BrandName": "Beta",
    "BrandNo": "10013",
    "Documents": [],
    "GTIN": [
        "8014230159362"
    ],
    "GenArts": [
        {
            "Description": "Ergots pour art. 100",
            "StandardisedArticleDescription": "Ergots pour art. 100",
            "GenArtNo": -10013
        }
    ],
    "HasPartList": false,
    "HasTextInfo": false,
    "LogoBrand": [
        {
            "Name": "02.jpg",
            "Extension": "JPG",
            "Path": "/img/10013/02.jpg"
        }
    ],
    "Pictures": [
        {
            "Name": "100_slash_KIT.jpg",
            "Extension": "JPG",
            "Path": "/img/10013/100_slash_KIT.jpg",
            "SortNo": 1
        }
    ],
    "Replaced_by": [],
    "Replaces": [],
    "Status": "",
    "TradeNo": [
        "001000010"
    ],
    "URL": []
}