{
    "ArtNo": "1032",
    "Attributs": [
        {
            "Attribute": "Description",
            "Value": "Pince pour circlips intérieurs à becs droits",
            "SortNo": 1
        },
        {
            "Attribute": "L \nmm",
            "Value": "300",
            "SortNo": 2
        },
        {
            "Attribute": " \nØ mm",
            "Value": "85÷200",
            "SortNo": 3
        },
        {
            "Attribute": "Ø1 \nmm",
            "Value": "3,2",
            "SortNo": 4
        },
        {
            "Attribute": "A \nmm",
            "Value": "28",
            "SortNo": 5
        },
        {
            "Attribute": "S \nmm",
            "Value": "12,9",
            "SortNo": 6
        },
        {
            "Attribute": " \ng",
            "Value": "470",
            "SortNo": 7
        }
    ],
    "BrandName": "Beta",
    "BrandNo": "10013",
    "Documents": [],
    "GTIN": [
        "8014230039480"
    ],
    "GenArts": [
        {
            "Description": "Pince pour circlips intérieurs à becs droits",
            "StandardisedArticleDescription": "Pince pour circlips intérieurs à becs droits",
            "GenArtNo": -10013
        }
    ],
    "HasPartList": false,
    "HasTextInfo": false,
    "LogoBrand": [
        {
            "Name": "06.jpg",
            "Extension": "JPG",
            "Path": "/img/10013/06.jpg"
        }
    ],
    "Pictures": [
        {
            "Name": "1032.jpg",
            "Extension": "JPG",
            "Path": "/img/10013/1032.jpg",
            "SortNo": 1
        }
    ],
    "Replaced_by": [],
    "Replaces": [],
    "Status": "",
    "TradeNo": [
        "010320028"
    ],
    "URL": []
}