{
    "ArtNo": "1033",
    "Attributs": [
        {
            "Attribute": "Description",
            "Value": "Pince pour circlips intérieurs à becs coudés à 45°",
            "SortNo": 1
        },
        {
            "Attribute": "L \nmm",
            "Value": "225",
            "SortNo": 2
        },
        {
            "Attribute": " \nØ mm",
            "Value": "40÷100",
            "SortNo": 3
        },
        {
            "Attribute": "Ø1 \nmm",
            "Value": "2,3",
            "SortNo": 4
        },
        {
            "Attribute": "A \nmm",
            "Value": "25",
            "SortNo": 5
        },
        {
            "Attribute": "S \nmm",
            "Value": "11,2",
            "SortNo": 6
        },
        {
            "Attribute": " \ng",
            "Value": "250",
            "SortNo": 7
        }
    ],
    "BrandName": "Beta",
    "BrandNo": "10013",
    "Documents": [],
    "GTIN": [
        "8014230176130"
    ],
    "GenArts": [
        {
            "Description": "Pince pour circlips intérieurs à becs coudés à 45°",
            "StandardisedArticleDescription": "Pince pour circlips intérieurs à becs coudés à 45°",
            "GenArtNo": -10013
        }
    ],
    "HasPartList": false,
    "HasTextInfo": false,
    "LogoBrand": [
        {
            "Name": "06.jpg",
            "Extension": "JPG",
            "Path": "/img/10013/06.jpg"
        }
    ],
    "Pictures": [
        {
            "Name": "1033.jpg",
            "Extension": "JPG",
            "Path": "/img/10013/1033.jpg",
            "SortNo": 1
        }
    ],
    "Replaced_by": [],
    "Replaces": [],
    "Status": "",
    "TradeNo": [
        "010330021"
    ],
    "URL": []
}