{
    "ArtNo": "1034L",
    "Attributs": [
        {
            "Attribute": "Description",
            "Value": "Pince pour circlips intérieurs à becs longs coudés à 90°",
            "SortNo": 1
        },
        {
            "Attribute": "L \nmm",
            "Value": "190",
            "SortNo": 2
        },
        {
            "Attribute": " \nØ mm",
            "Value": "40÷100",
            "SortNo": 3
        },
        {
            "Attribute": "A \nmm",
            "Value": "20",
            "SortNo": 4
        },
        {
            "Attribute": "L1\nmm",
            "Value": "76",
            "SortNo": 5
        },
        {
            "Attribute": "\ng",
            "Value": "200",
            "SortNo": 6
        }
    ],
    "BrandName": "Beta",
    "BrandNo": "10013",
    "Documents": [],
    "GTIN": [
        "8014230176147"
    ],
    "GenArts": [
        {
            "Description": "Pince pour circlips intérieurs à becs longs coudés à 90°",
            "StandardisedArticleDescription": "Pince pour circlips intérieurs à becs longs coudés à 90°",
            "GenArtNo": -10013
        }
    ],
    "HasPartList": false,
    "HasTextInfo": false,
    "LogoBrand": [
        {
            "Name": "06.jpg",
            "Extension": "JPG",
            "Path": "/img/10013/06.jpg"
        }
    ],
    "Pictures": [
        {
            "Name": "1034L.jpg",
            "Extension": "JPG",
            "Path": "/img/10013/1034L.jpg",
            "SortNo": 1
        }
    ],
    "Replaced_by": [],
    "Replaces": [],
    "Status": "",
    "TradeNo": [
        "010340320"
    ],
    "URL": []
}