{
    "ArtNo": "1038HS",
    "Attributs": [
        {
            "Attribute": "Description",
            "Value": "Pince pour circlips extérieurs à becs coudés à 90° H-SAFE",
            "SortNo": 1
        },
        {
            "Attribute": "L \nmm",
            "Value": "175",
            "SortNo": 2
        },
        {
            "Attribute": " \nØ mm",
            "Value": "19÷60",
            "SortNo": 3
        },
        {
            "Attribute": "Ø1 \nmm",
            "Value": "-",
            "SortNo": 4
        },
        {
            "Attribute": "A \nmm",
            "Value": "21",
            "SortNo": 5
        },
        {
            "Attribute": "S \nmm",
            "Value": "10,0",
            "SortNo": 6
        },
        {
            "Attribute": " \ng",
            "Value": "160",
            "SortNo": 7
        }
    ],
    "BrandName": "Beta H-SAFE",
    "BrandNo": "10013",
    "Documents": [],
    "GTIN": [
        "8014230860121"
    ],
    "GenArts": [
        {
            "Description": "Pince pour circlips extérieurs à becs coudés à 90° H-SAFE",
            "StandardisedArticleDescription": "Pince pour circlips extérieurs à becs coudés à 90° H-SAFE",
            "GenArtNo": -10013
        }
    ],
    "HasPartList": false,
    "HasTextInfo": false,
    "LogoBrand": [
        {
            "Name": "12HS.jpg",
            "Extension": "JPG",
            "Path": "/img/10013/12HS.jpg"
        }
    ],
    "Pictures": [
        {
            "Name": "1038HS.jpg",
            "Extension": "JPG",
            "Path": "/img/10013/1038HS.jpg",
            "SortNo": 1
        }
    ],
    "Replaced_by": [],
    "Replaces": [],
    "Status": "",
    "TradeNo": [
        "010384017"
    ],
    "URL": []
}