{
    "ArtNo": "1038",
    "Attributs": [
        {
            "Attribute": "Description",
            "Value": "Pince pour circlips extérieurs à becs coudés à 90°",
            "SortNo": 1
        },
        {
            "Attribute": "L \nmm",
            "Value": "300",
            "SortNo": 2
        },
        {
            "Attribute": " \nØ mm",
            "Value": "85÷200",
            "SortNo": 3
        },
        {
            "Attribute": "Ø1 \nmm",
            "Value": "-",
            "SortNo": 4
        },
        {
            "Attribute": "A \nmm",
            "Value": "35",
            "SortNo": 5
        },
        {
            "Attribute": "S \nmm",
            "Value": "13,0",
            "SortNo": 6
        },
        {
            "Attribute": " \ng",
            "Value": "500",
            "SortNo": 7
        }
    ],
    "BrandName": "Beta",
    "BrandNo": "10013",
    "Documents": [],
    "GTIN": [
        "8014230039626"
    ],
    "GenArts": [
        {
            "Description": "Pince pour circlips extérieurs à becs coudés à 90°",
            "StandardisedArticleDescription": "Pince pour circlips extérieurs à becs coudés à 90°",
            "GenArtNo": -10013
        }
    ],
    "HasPartList": false,
    "HasTextInfo": false,
    "LogoBrand": [
        {
            "Name": "06.jpg",
            "Extension": "JPG",
            "Path": "/img/10013/06.jpg"
        }
    ],
    "Pictures": [
        {
            "Name": "1038.jpg",
            "Extension": "JPG",
            "Path": "/img/10013/1038.jpg",
            "SortNo": 1
        }
    ],
    "Replaced_by": [],
    "Replaces": [],
    "Status": "",
    "TradeNo": [
        "010380028"
    ],
    "URL": []
}