{
    "ArtNo": "1046BA",
    "Attributs": [
        {
            "Attribute": "Description",
            "Value": "Pince multiprise à crémaillère, antidéflagrante",
            "SortNo": 1
        },
        {
            "Attribute": "",
            "Value": "300",
            "SortNo": 2
        },
        {
            "Attribute": "",
            "Value": "52",
            "SortNo": 3
        },
        {
            "Attribute": "A1\nmm",
            "Value": "10,0",
            "SortNo": 4
        },
        {
            "Attribute": "S\nmm",
            "Value": "11,5",
            "SortNo": 5
        },
        {
            "Attribute": "\ng",
            "Value": "610",
            "SortNo": 6
        }
    ],
    "BrandName": "Beta",
    "BrandNo": "10013",
    "Documents": [],
    "GTIN": [
        "8014230731568"
    ],
    "GenArts": [
        {
            "Description": "Pince multiprise à crémaillère, antidéflagrante",
            "StandardisedArticleDescription": "Pince multiprise à crémaillère, antidéflagrante",
            "GenArtNo": -10013
        }
    ],
    "HasPartList": false,
    "HasTextInfo": false,
    "LogoBrand": [
        {
            "Name": "12.jpg",
            "Extension": "JPG",
            "Path": "/img/10013/12.jpg"
        }
    ],
    "Pictures": [
        {
            "Name": "1046BA.jpg",
            "Extension": "JPG",
            "Path": "/img/10013/1046BA.jpg",
            "SortNo": 1
        }
    ],
    "Replaced_by": [],
    "Replaces": [],
    "Status": "",
    "TradeNo": [
        "010460803"
    ],
    "URL": []
}