{
    "ArtNo": "1047",
    "Attributs": [
        {
            "Attribute": "Description",
            "Value": "Pince multiprise entrepassée avec bouton de réglage, poignées recouvertes de 2 couches de PVC antiglisse",
            "SortNo": 1
        },
        {
            "Attribute": "L \nmm",
            "Value": "300",
            "SortNo": 2
        },
        {
            "Attribute": "A max \nmm",
            "Value": "50",
            "SortNo": 3
        },
        {
            "Attribute": "L1\nmm",
            "Value": "48",
            "SortNo": 4
        },
        {
            "Attribute": "S\nmm",
            "Value": "8,6",
            "SortNo": 5
        }
    ],
    "BrandName": "Beta",
    "BrandNo": "10013",
    "Documents": [],
    "GTIN": [
        "8014230656618"
    ],
    "GenArts": [
        {
            "Description": "Pince multiprise entrepassée avec bouton de réglage, poignées recouvertes de 2 couches de PVC antiglisse",
            "StandardisedArticleDescription": "Pince multiprise entrepassée avec bouton de réglage, poignées recouvertes de 2 couches de PVC antiglisse",
            "GenArtNo": -10013
        }
    ],
    "HasPartList": false,
    "HasTextInfo": false,
    "LogoBrand": [
        {
            "Name": "06.jpg",
            "Extension": "JPG",
            "Path": "/img/10013/06.jpg"
        }
    ],
    "Pictures": [
        {
            "Name": "1047.jpg",
            "Extension": "JPG",
            "Path": "/img/10013/1047.jpg",
            "SortNo": 1
        }
    ],
    "Replaced_by": [],
    "Replaces": [],
    "Status": "",
    "TradeNo": [
        "010470300"
    ],
    "URL": []
}