{
    "ArtNo": "1048BM-HS",
    "Attributs": [
        {
            "Attribute": "Description",
            "Value": "Pince multiprise entrepassée branches bimatières H-SAFE",
            "SortNo": 1
        },
        {
            "Attribute": "L \nmm",
            "Value": "250",
            "SortNo": 2
        },
        {
            "Attribute": "A max \nmm",
            "Value": "48",
            "SortNo": 3
        },
        {
            "Attribute": "L1 \nmm",
            "Value": "39",
            "SortNo": 4
        },
        {
            "Attribute": "\ng\n",
            "Value": "460",
            "SortNo": 5
        }
    ],
    "BrandName": "Beta H-SAFE",
    "BrandNo": "10013",
    "Documents": [],
    "GTIN": [
        "8014230860138"
    ],
    "GenArts": [
        {
            "Description": "Pince multiprise entrepassée branches bimatières H-SAFE",
            "StandardisedArticleDescription": "Pince multiprise entrepassée branches bimatières H-SAFE",
            "GenArtNo": -10013
        }
    ],
    "HasPartList": false,
    "HasTextInfo": false,
    "LogoBrand": [
        {
            "Name": "12HS.jpg",
            "Extension": "JPG",
            "Path": "/img/10013/12HS.jpg"
        }
    ],
    "Pictures": [
        {
            "Name": "1048BM-HS.jpg",
            "Extension": "JPG",
            "Path": "/img/10013/1048BM-HS.jpg",
            "SortNo": 1
        }
    ],
    "Replaced_by": [],
    "Replaces": [],
    "Status": "",
    "TradeNo": [
        "010484215"
    ],
    "URL": []
}