{
    "ArtNo": "1048INOX",
    "Attributs": [
        {
            "Attribute": "Description",
            "Value": "Pince multiprise entrepassée, en acier inoxydable",
            "SortNo": 1
        },
        {
            "Attribute": "L\nmm",
            "Value": "250",
            "SortNo": 2
        },
        {
            "Attribute": "A max\nmm",
            "Value": "33",
            "SortNo": 3
        },
        {
            "Attribute": "L1\nmm",
            "Value": "33",
            "SortNo": 4
        },
        {
            "Attribute": "S\nmm",
            "Value": "13",
            "SortNo": 5
        }
    ],
    "BrandName": "BetaINOX",
    "BrandNo": "10013",
    "Documents": [],
    "GTIN": [
        "8014230867526"
    ],
    "GenArts": [
        {
            "Description": "Pince multiprise entrepassée, en acier inoxydable",
            "StandardisedArticleDescription": "Pince multiprise entrepassée, en acier inoxydable",
            "GenArtNo": -10013
        }
    ],
    "HasPartList": false,
    "HasTextInfo": false,
    "LogoBrand": [
        {
            "Name": "11_inox.jpg",
            "Extension": "JPG",
            "Path": "/img/10013/11_inox.jpg"
        }
    ],
    "Pictures": [
        {
            "Name": "1048INOX.jpg",
            "Extension": "JPG",
            "Path": "/img/10013/1048INOX.jpg",
            "SortNo": 1
        }
    ],
    "Replaced_by": [],
    "Replaces": [],
    "Status": "",
    "TradeNo": [
        "010480325"
    ],
    "URL": []
}