{
    "ArtNo": "1048BM",
    "Attributs": [
        {
            "Attribute": "Description",
            "Value": "Pince multiprise entrepassée branches bimatières",
            "SortNo": 1
        },
        {
            "Attribute": "L \nmm",
            "Value": "250",
            "SortNo": 2
        },
        {
            "Attribute": "A max \nmm",
            "Value": "48",
            "SortNo": 3
        },
        {
            "Attribute": "L1 \nmm",
            "Value": "39",
            "SortNo": 4
        },
        {
            "Attribute": "\ng\n",
            "Value": "460",
            "SortNo": 5
        }
    ],
    "BrandName": "Beta",
    "BrandNo": "10013",
    "Documents": [],
    "GTIN": [
        "8014230674421"
    ],
    "GenArts": [
        {
            "Description": "Pince multiprise entrepassée branches bimatières",
            "StandardisedArticleDescription": "Pince multiprise entrepassée branches bimatières",
            "GenArtNo": -10013
        }
    ],
    "HasPartList": false,
    "HasTextInfo": false,
    "LogoBrand": [
        {
            "Name": "06.jpg",
            "Extension": "JPG",
            "Path": "/img/10013/06.jpg"
        }
    ],
    "Pictures": [
        {
            "Name": "1048BM.jpg",
            "Extension": "JPG",
            "Path": "/img/10013/1048BM.jpg",
            "SortNo": 1
        }
    ],
    "Replaced_by": [],
    "Replaces": [],
    "Status": "",
    "TradeNo": [
        "010480215"
    ],
    "URL": []
}