{
    "ArtNo": "1048N/D3",
    "Attributs": [
        {
            "Attribute": "Description",
            "Value": "Jeu de pinces multiprise entrepassées",
            "SortNo": 1
        }
    ],
    "BrandName": "Beta",
    "BrandNo": "10013",
    "Documents": [],
    "GTIN": [
        "8054809367125"
    ],
    "GenArts": [
        {
            "Description": "Jeu de pinces multiprise entrepassées",
            "StandardisedArticleDescription": "Jeu de pinces multiprise entrepassées",
            "GenArtNo": -10013
        }
    ],
    "HasPartList": false,
    "HasTextInfo": false,
    "LogoBrand": [
        {
            "Name": "06.jpg",
            "Extension": "JPG",
            "Path": "/img/10013/06.jpg"
        }
    ],
    "Pictures": [
        {
            "Name": "1048N_slash_D3.jpg",
            "Extension": "JPG",
            "Path": "/img/10013/1048N_slash_D3.jpg",
            "SortNo": 1
        }
    ],
    "Replaced_by": [],
    "Replaces": [],
    "Status": "",
    "TradeNo": [
        "010480923"
    ],
    "URL": []
}