{
    "ArtNo": "1048MQ",
    "Attributs": [
        {
            "Attribute": "Description",
            "Value": "Pince multiprise entrepassée, isolée 1000V",
            "SortNo": 1
        },
        {
            "Attribute": "L \nmm",
            "Value": "250",
            "SortNo": 2
        },
        {
            "Attribute": "A max \nmm",
            "Value": "48",
            "SortNo": 3
        },
        {
            "Attribute": "L1 \nmm",
            "Value": "39",
            "SortNo": 4
        }
    ],
    "BrandName": "Beta",
    "BrandNo": "10013",
    "Documents": [],
    "GTIN": [
        "8014230667768"
    ],
    "GenArts": [
        {
            "Description": "Pince multiprise entrepassée, isolée 1000V",
            "StandardisedArticleDescription": "Pince multiprise entrepassée, isolée 1000V",
            "GenArtNo": -10013
        }
    ],
    "HasPartList": false,
    "HasTextInfo": false,
    "LogoBrand": [
        {
            "Name": "15.jpg",
            "Extension": "JPG",
            "Path": "/img/10013/15.jpg"
        }
    ],
    "Pictures": [
        {
            "Name": "1048MQ.jpg",
            "Extension": "JPG",
            "Path": "/img/10013/1048MQ.jpg",
            "SortNo": 1
        }
    ],
    "Replaced_by": [],
    "Replaces": [],
    "Status": "",
    "TradeNo": [
        "010480315"
    ],
    "URL": []
}