{
    "ArtNo": "1050",
    "Attributs": [
        {
            "Attribute": "Description",
            "Value": "Pince-étau à becs courts",
            "SortNo": 1
        },
        {
            "Attribute": "L \nmm",
            "Value": "220",
            "SortNo": 2
        },
        {
            "Attribute": "A \nmm",
            "Value": "75",
            "SortNo": 3
        },
        {
            "Attribute": "A1 max \nmm",
            "Value": "45",
            "SortNo": 4
        },
        {
            "Attribute": "A2 max \nmm",
            "Value": "40",
            "SortNo": 5
        },
        {
            "Attribute": "A3 max \nmm",
            "Value": "55",
            "SortNo": 6
        },
        {
            "Attribute": " \ng",
            "Value": "660",
            "SortNo": 7
        }
    ],
    "BrandName": "Beta",
    "BrandNo": "10013",
    "Documents": [],
    "GTIN": [
        "8014230039688"
    ],
    "GenArts": [
        {
            "Description": "Pince-étau à becs courts",
            "StandardisedArticleDescription": "Pince-étau à becs courts",
            "GenArtNo": -10013
        }
    ],
    "HasPartList": false,
    "HasTextInfo": false,
    "LogoBrand": [
        {
            "Name": "06.jpg",
            "Extension": "JPG",
            "Path": "/img/10013/06.jpg"
        }
    ],
    "Pictures": [
        {
            "Name": "1050.jpg",
            "Extension": "JPG",
            "Path": "/img/10013/1050.jpg",
            "SortNo": 1
        }
    ],
    "Replaced_by": [],
    "Replaces": [],
    "Status": "",
    "TradeNo": [
        "010500022"
    ],
    "URL": []
}