{
    "ArtNo": "1051GM",
    "Attributs": [
        {
            "Attribute": "Description",
            "Value": "Pince-étau à becs longs articulés",
            "SortNo": 1
        },
        {
            "Attribute": "L \nmm",
            "Value": "255",
            "SortNo": 2
        },
        {
            "Attribute": "A  \nmm",
            "Value": "75",
            "SortNo": 3
        },
        {
            "Attribute": "A1 max \nmm",
            "Value": "70",
            "SortNo": 4
        },
        {
            "Attribute": "A2 max \nmm",
            "Value": "50",
            "SortNo": 5
        },
        {
            "Attribute": "A3 max \nmm",
            "Value": "80",
            "SortNo": 6
        },
        {
            "Attribute": " \ng",
            "Value": "770",
            "SortNo": 7
        }
    ],
    "BrandName": "Beta",
    "BrandNo": "10013",
    "Documents": [],
    "GTIN": [
        "8014230039701"
    ],
    "GenArts": [
        {
            "Description": "Pince-étau à becs longs articulés",
            "StandardisedArticleDescription": "Pince-étau à becs longs articulés",
            "GenArtNo": -10013
        }
    ],
    "HasPartList": false,
    "HasTextInfo": false,
    "LogoBrand": [
        {
            "Name": "06.jpg",
            "Extension": "JPG",
            "Path": "/img/10013/06.jpg"
        }
    ],
    "Pictures": [
        {
            "Name": "1051GM.jpg",
            "Extension": "JPG",
            "Path": "/img/10013/1051GM.jpg",
            "SortNo": 1
        }
    ],
    "Replaced_by": [],
    "Replaces": [],
    "Status": "",
    "TradeNo": [
        "010510250"
    ],
    "URL": []
}