{
    "ArtNo": "1051XL",
    "Attributs": [
        {
            "Attribute": "Description",
            "Value": "Pince-étau à becs extra-longs grande capacité",
            "SortNo": 1
        },
        {
            "Attribute": "L\nmm",
            "Value": "270",
            "SortNo": 2
        }
    ],
    "BrandName": "Beta",
    "BrandNo": "10013",
    "Documents": [],
    "GTIN": [
        "8014230712512"
    ],
    "GenArts": [
        {
            "Description": "Pince-étau à becs extra-longs grande capacité",
            "StandardisedArticleDescription": "Pince-étau à becs extra-longs grande capacité",
            "GenArtNo": -10013
        }
    ],
    "HasPartList": false,
    "HasTextInfo": false,
    "LogoBrand": [
        {
            "Name": "06.jpg",
            "Extension": "JPG",
            "Path": "/img/10013/06.jpg"
        }
    ],
    "Pictures": [
        {
            "Name": "1051XL.jpg",
            "Extension": "JPG",
            "Path": "/img/10013/1051XL.jpg",
            "SortNo": 1
        }
    ],
    "Replaced_by": [],
    "Replaces": [],
    "Status": "",
    "TradeNo": [
        "010510140"
    ],
    "URL": []
}