{
    "ArtNo": "1052HS",
    "Attributs": [
        {
            "Attribute": "Description",
            "Value": "Pince-étau universelle à mâchoires concaves H-SAFE",
            "SortNo": 1
        },
        {
            "Attribute": "L \nmm",
            "Value": "240",
            "SortNo": 2
        },
        {
            "Attribute": "A  \nmm",
            "Value": "72",
            "SortNo": 3
        },
        {
            "Attribute": "A1 max \nmm",
            "Value": "42",
            "SortNo": 4
        },
        {
            "Attribute": "S \nmm",
            "Value": "10,0",
            "SortNo": 5
        },
        {
            "Attribute": " \ng",
            "Value": "590",
            "SortNo": 6
        }
    ],
    "BrandName": "Beta H-SAFE",
    "BrandNo": "10013",
    "Documents": [],
    "GTIN": [
        "8014230860145"
    ],
    "GenArts": [
        {
            "Description": "Pince-étau universelle à mâchoires concaves H-SAFE",
            "StandardisedArticleDescription": "Pince-étau universelle à mâchoires concaves H-SAFE",
            "GenArtNo": -10013
        }
    ],
    "HasPartList": false,
    "HasTextInfo": false,
    "LogoBrand": [
        {
            "Name": "12HS.jpg",
            "Extension": "JPG",
            "Path": "/img/10013/12HS.jpg"
        }
    ],
    "Pictures": [
        {
            "Name": "1052HS.jpg",
            "Extension": "JPG",
            "Path": "/img/10013/1052HS.jpg",
            "SortNo": 1
        }
    ],
    "Replaced_by": [],
    "Replaces": [],
    "Status": "",
    "TradeNo": [
        "010524024"
    ],
    "URL": []
}