{
    "ArtNo": "1052",
    "Attributs": [
        {
            "Attribute": "Description",
            "Value": "Pince-étau universelle à mâchoires concaves",
            "SortNo": 1
        },
        {
            "Attribute": "L \nmm",
            "Value": "300",
            "SortNo": 2
        },
        {
            "Attribute": "A  \nmm",
            "Value": "75",
            "SortNo": 3
        },
        {
            "Attribute": "A1 max \nmm",
            "Value": "55",
            "SortNo": 4
        },
        {
            "Attribute": "S \nmm",
            "Value": "12,0",
            "SortNo": 5
        },
        {
            "Attribute": "\ng",
            "Value": "900",
            "SortNo": 6
        }
    ],
    "BrandName": "Beta",
    "BrandNo": "10013",
    "Documents": [],
    "GTIN": [
        "8014230039749"
    ],
    "GenArts": [
        {
            "Description": "Pince-étau universelle à mâchoires concaves",
            "StandardisedArticleDescription": "Pince-étau universelle à mâchoires concaves",
            "GenArtNo": -10013
        }
    ],
    "HasPartList": false,
    "HasTextInfo": false,
    "LogoBrand": [
        {
            "Name": "06.jpg",
            "Extension": "JPG",
            "Path": "/img/10013/06.jpg"
        }
    ],
    "Pictures": [
        {
            "Name": "1052.jpg",
            "Extension": "JPG",
            "Path": "/img/10013/1052.jpg",
            "SortNo": 1
        }
    ],
    "Replaced_by": [],
    "Replaces": [],
    "Status": "",
    "TradeNo": [
        "010520030"
    ],
    "URL": []
}