{
    "ArtNo": "1053",
    "Attributs": [
        {
            "Attribute": "Description",
            "Value": "Pince-étau à bec inférieur pivotant",
            "SortNo": 1
        },
        {
            "Attribute": "L \nmm",
            "Value": "240",
            "SortNo": 2
        },
        {
            "Attribute": "A  \nmm",
            "Value": "72",
            "SortNo": 3
        },
        {
            "Attribute": "A1 max \nmm",
            "Value": "35",
            "SortNo": 4
        },
        {
            "Attribute": "S \nmm",
            "Value": "14,0",
            "SortNo": 5
        },
        {
            "Attribute": " \ng",
            "Value": "610",
            "SortNo": 6
        }
    ],
    "BrandName": "Beta",
    "BrandNo": "10013",
    "Documents": [],
    "GTIN": [
        "8014230039756"
    ],
    "GenArts": [
        {
            "Description": "Pince-étau à bec inférieur pivotant",
            "StandardisedArticleDescription": "Pince-étau à bec inférieur pivotant",
            "GenArtNo": -10013
        }
    ],
    "HasPartList": false,
    "HasTextInfo": false,
    "LogoBrand": [
        {
            "Name": "06.jpg",
            "Extension": "JPG",
            "Path": "/img/10013/06.jpg"
        }
    ],
    "Pictures": [
        {
            "Name": "1053.jpg",
            "Extension": "JPG",
            "Path": "/img/10013/1053.jpg",
            "SortNo": 1
        }
    ],
    "Replaced_by": [],
    "Replaces": [],
    "Status": "",
    "TradeNo": [
        "010530024"
    ],
    "URL": []
}