{
    "ArtNo": "1056",
    "Attributs": [
        {
            "Attribute": "Description",
            "Value": "Pince-étau pour frigoristes",
            "SortNo": 1
        },
        {
            "Attribute": "",
            "Value": "195",
            "SortNo": 2
        },
        {
            "Attribute": "",
            "Value": "56",
            "SortNo": 3
        }
    ],
    "BrandName": "Beta",
    "BrandNo": "10013",
    "Documents": [],
    "GTIN": [
        "8014230935430"
    ],
    "GenArts": [
        {
            "Description": "Pince-étau pour frigoristes",
            "StandardisedArticleDescription": "Pince-étau pour frigoristes",
            "GenArtNo": -10013
        }
    ],
    "HasPartList": false,
    "HasTextInfo": false,
    "LogoBrand": [
        {
            "Name": "06.jpg",
            "Extension": "JPG",
            "Path": "/img/10013/06.jpg"
        }
    ],
    "Pictures": [
        {
            "Name": "1056.jpg",
            "Extension": "JPG",
            "Path": "/img/10013/1056.jpg",
            "SortNo": 1
        }
    ],
    "Replaced_by": [],
    "Replaces": [],
    "Status": "",
    "TradeNo": [
        "010560017"
    ],
    "URL": []
}