{
    "ArtNo": "1057A",
    "Attributs": [
        {
            "Attribute": "Description",
            "Value": "Pince-étau automatique avec réglage de la force",
            "SortNo": 1
        },
        {
            "Attribute": "L \nmm",
            "Value": "240",
            "SortNo": 2
        },
        {
            "Attribute": "A \nmm",
            "Value": "60",
            "SortNo": 3
        },
        {
            "Attribute": "A1 max \nmm",
            "Value": "38",
            "SortNo": 4
        },
        {
            "Attribute": "S \nmm",
            "Value": "13,0",
            "SortNo": 5
        },
        {
            "Attribute": " \ng",
            "Value": "620",
            "SortNo": 6
        }
    ],
    "BrandName": "Beta",
    "BrandNo": "10013",
    "Documents": [],
    "GTIN": [
        "8014230619804"
    ],
    "GenArts": [
        {
            "Description": "Pince-étau automatique avec réglage de la force",
            "StandardisedArticleDescription": "Pince-étau automatique avec réglage de la force",
            "GenArtNo": -10013
        }
    ],
    "HasPartList": false,
    "HasTextInfo": false,
    "LogoBrand": [
        {
            "Name": "06.jpg",
            "Extension": "JPG",
            "Path": "/img/10013/06.jpg"
        }
    ],
    "Pictures": [
        {
            "Name": "1057A.jpg",
            "Extension": "JPG",
            "Path": "/img/10013/1057A.jpg",
            "SortNo": 1
        }
    ],
    "Replaced_by": [],
    "Replaces": [],
    "Status": "",
    "TradeNo": [
        "010570124"
    ],
    "URL": []
}