{
    "ArtNo": "1058",
    "Attributs": [
        {
            "Attribute": "Description",
            "Value": "Pince-étau à becs longs et fins",
            "SortNo": 1
        },
        {
            "Attribute": "",
            "Value": "225",
            "SortNo": 2
        },
        {
            "Attribute": "",
            "Value": "46",
            "SortNo": 3
        },
        {
            "Attribute": "",
            "Value": "31",
            "SortNo": 4
        },
        {
            "Attribute": "",
            "Value": "54",
            "SortNo": 5
        }
    ],
    "BrandName": "Beta",
    "BrandNo": "10013",
    "Documents": [],
    "GTIN": [
        "8014230935454"
    ],
    "GenArts": [
        {
            "Description": "Pince-étau à becs longs et fins",
            "StandardisedArticleDescription": "Pince-étau à becs longs et fins",
            "GenArtNo": -10013
        }
    ],
    "HasPartList": false,
    "HasTextInfo": false,
    "LogoBrand": [
        {
            "Name": "06.jpg",
            "Extension": "JPG",
            "Path": "/img/10013/06.jpg"
        }
    ],
    "Pictures": [
        {
            "Name": "1058.jpg",
            "Extension": "JPG",
            "Path": "/img/10013/1058.jpg",
            "SortNo": 1
        }
    ],
    "Replaced_by": [],
    "Replaces": [],
    "Status": "",
    "TradeNo": [
        "010580025"
    ],
    "URL": []
}