{
    "ArtNo": "1059",
    "Attributs": [
        {
            "Attribute": "Description",
            "Value": "Pince-étau serre-joints",
            "SortNo": 1
        },
        {
            "Attribute": "L1\nmm",
            "Value": "270",
            "SortNo": 2
        },
        {
            "Attribute": "L\nmm",
            "Value": "255",
            "SortNo": 3
        },
        {
            "Attribute": "A1\nmm",
            "Value": "220",
            "SortNo": 4
        }
    ],
    "BrandName": "Beta",
    "BrandNo": "10013",
    "Documents": [],
    "GTIN": [
        "8054809167244"
    ],
    "GenArts": [
        {
            "Description": "Pince-étau serre-joints",
            "StandardisedArticleDescription": "Pince-étau serre-joints",
            "GenArtNo": -10013
        }
    ],
    "HasPartList": false,
    "HasTextInfo": false,
    "LogoBrand": [
        {
            "Name": "06.jpg",
            "Extension": "JPG",
            "Path": "/img/10013/06.jpg"
        }
    ],
    "Pictures": [
        {
            "Name": "1059.jpg",
            "Extension": "JPG",
            "Path": "/img/10013/1059.jpg",
            "SortNo": 1
        }
    ],
    "Replaced_by": [],
    "Replaces": [],
    "Status": "",
    "TradeNo": [
        "010590027"
    ],
    "URL": []
}