{
    "ArtNo": "1060",
    "Attributs": [
        {
            "Attribute": "Description",
            "Value": "Pince-étau pour cornières",
            "SortNo": 1
        },
        {
            "Attribute": "L \nmm",
            "Value": "280",
            "SortNo": 2
        },
        {
            "Attribute": "A  \nmm",
            "Value": "70",
            "SortNo": 3
        },
        {
            "Attribute": "A1 max \nmm",
            "Value": "80",
            "SortNo": 4
        },
        {
            "Attribute": "A2 \nmm",
            "Value": "43",
            "SortNo": 5
        },
        {
            "Attribute": "A3  \nmm",
            "Value": "90",
            "SortNo": 6
        }
    ],
    "BrandName": "Beta",
    "BrandNo": "10013",
    "Documents": [],
    "GTIN": [
        "8014230039848"
    ],
    "GenArts": [
        {
            "Description": "Pince-étau pour cornières",
            "StandardisedArticleDescription": "Pince-étau pour cornières",
            "GenArtNo": -10013
        }
    ],
    "HasPartList": false,
    "HasTextInfo": false,
    "LogoBrand": [
        {
            "Name": "06.jpg",
            "Extension": "JPG",
            "Path": "/img/10013/06.jpg"
        }
    ],
    "Pictures": [
        {
            "Name": "1060.jpg",
            "Extension": "JPG",
            "Path": "/img/10013/1060.jpg",
            "SortNo": 1
        }
    ],
    "Replaced_by": [],
    "Replaces": [],
    "Status": "",
    "TradeNo": [
        "010600028"
    ],
    "URL": []
}