{
    "ArtNo": "1061",
    "Attributs": [
        {
            "Attribute": "Description",
            "Value": "Pince-étau pour tubes",
            "SortNo": 1
        },
        {
            "Attribute": "L\nmm",
            "Value": "275",
            "SortNo": 2
        },
        {
            "Attribute": "A1 max\nmm",
            "Value": "80",
            "SortNo": 3
        },
        {
            "Attribute": "",
            "Value": "72,6",
            "SortNo": 4
        },
        {
            "Attribute": "",
            "Value": "80",
            "SortNo": 5
        },
        {
            "Attribute": "\ng",
            "Value": "",
            "SortNo": 6
        }
    ],
    "BrandName": "Beta",
    "BrandNo": "10013",
    "Documents": [],
    "GTIN": [
        "8014230935461"
    ],
    "GenArts": [
        {
            "Description": "Pince-étau pour tubes",
            "StandardisedArticleDescription": "Pince-étau pour tubes",
            "GenArtNo": -10013
        }
    ],
    "HasPartList": false,
    "HasTextInfo": false,
    "LogoBrand": [
        {
            "Name": "06.jpg",
            "Extension": "JPG",
            "Path": "/img/10013/06.jpg"
        }
    ],
    "Pictures": [
        {
            "Name": "1061.jpg",
            "Extension": "JPG",
            "Path": "/img/10013/1061.jpg",
            "SortNo": 1
        }
    ],
    "Replaced_by": [],
    "Replaces": [],
    "Status": "",
    "TradeNo": [
        "010610027"
    ],
    "URL": []
}