{
    "ArtNo": "1062AL",
    "Attributs": [
        {
            "Attribute": "Description",
            "Value": "Pince-étau col de cygne \"soudure à l'arc\" en aluminium",
            "SortNo": 1
        },
        {
            "Attribute": "",
            "Value": "275",
            "SortNo": 2
        },
        {
            "Attribute": "",
            "Value": "88",
            "SortNo": 3
        },
        {
            "Attribute": "",
            "Value": "100",
            "SortNo": 4
        },
        {
            "Attribute": "",
            "Value": "93",
            "SortNo": 5
        },
        {
            "Attribute": "",
            "Value": "6,0",
            "SortNo": 6
        }
    ],
    "BrandName": "Beta",
    "BrandNo": "10013",
    "Documents": [],
    "GTIN": [
        "8014230935508"
    ],
    "GenArts": [
        {
            "Description": "Pince-étau col de cygne \"soudure à l'arc\" en aluminium",
            "StandardisedArticleDescription": "Pince-étau col de cygne \"soudure à l'arc\" en aluminium",
            "GenArtNo": -10013
        }
    ],
    "HasPartList": false,
    "HasTextInfo": false,
    "LogoBrand": [
        {
            "Name": "06.jpg",
            "Extension": "JPG",
            "Path": "/img/10013/06.jpg"
        }
    ],
    "Pictures": [
        {
            "Name": "1062AL.jpg",
            "Extension": "JPG",
            "Path": "/img/10013/1062AL.jpg",
            "SortNo": 1
        }
    ],
    "Replaced_by": [],
    "Replaces": [],
    "Status": "",
    "TradeNo": [
        "010620327"
    ],
    "URL": []
}