{
    "ArtNo": "1064",
    "Attributs": [
        {
            "Attribute": "Description",
            "Value": "Pince-étau à chaîne",
            "SortNo": 1
        },
        {
            "Attribute": "",
            "Value": "230",
            "SortNo": 2
        },
        {
            "Attribute": "",
            "Value": "150",
            "SortNo": 3
        }
    ],
    "BrandName": "Beta",
    "BrandNo": "10013",
    "Documents": [],
    "GTIN": [
        "8014230935522"
    ],
    "GenArts": [
        {
            "Description": "Pince-étau à chaîne",
            "StandardisedArticleDescription": "Pince-étau à chaîne",
            "GenArtNo": -10013
        }
    ],
    "HasPartList": false,
    "HasTextInfo": false,
    "LogoBrand": [
        {
            "Name": "06.jpg",
            "Extension": "JPG",
            "Path": "/img/10013/06.jpg"
        }
    ],
    "Pictures": [
        {
            "Name": "1064.jpg",
            "Extension": "JPG",
            "Path": "/img/10013/1064.jpg",
            "SortNo": 1
        }
    ],
    "Replaced_by": [],
    "Replaces": [],
    "Status": "",
    "TradeNo": [
        "010640023"
    ],
    "URL": []
}