{
    "ArtNo": "1068",
    "Attributs": [
        {
            "Attribute": "Description",
            "Value": "Pince étau autobloquante réglable avec masse à inertie",
            "SortNo": 1
        },
        {
            "Attribute": "L \nmm",
            "Value": "260",
            "SortNo": 2
        },
        {
            "Attribute": "L1 \nmm",
            "Value": "365",
            "SortNo": 3
        },
        {
            "Attribute": "A1 \nMax mm",
            "Value": "19",
            "SortNo": 4
        }
    ],
    "BrandName": "Beta",
    "BrandNo": "10013",
    "Documents": [],
    "GTIN": [
        "8054809534169"
    ],
    "GenArts": [
        {
            "Description": "Pince étau autobloquante réglable avec masse à inertie",
            "StandardisedArticleDescription": "Pince étau autobloquante réglable avec masse à inertie",
            "GenArtNo": -10013
        }
    ],
    "HasPartList": false,
    "HasTextInfo": false,
    "LogoBrand": [
        {
            "Name": "16.jpg",
            "Extension": "JPG",
            "Path": "/img/10013/16.jpg"
        }
    ],
    "Pictures": [
        {
            "Name": "1068.jpg",
            "Extension": "JPG",
            "Path": "/img/10013/1068.jpg",
            "SortNo": 1
        }
    ],
    "Replaced_by": [],
    "Replaces": [],
    "Status": "",
    "TradeNo": [
        "010680000"
    ],
    "URL": []
}