{
    "ArtNo": "1078",
    "Attributs": [
        {
            "Attribute": "Description",
            "Value": "Pince à becs larges coudés à 45° pour tôlier, branches gainées PVC",
            "SortNo": 1
        },
        {
            "Attribute": "L \n~",
            "Value": "280",
            "SortNo": 2
        },
        {
            "Attribute": "A \nmm",
            "Value": "60",
            "SortNo": 3
        },
        {
            "Attribute": "L1 \nmm",
            "Value": "77",
            "SortNo": 4
        }
    ],
    "BrandName": "Beta",
    "BrandNo": "10013",
    "Documents": [],
    "GTIN": [
        "8014230084855"
    ],
    "GenArts": [
        {
            "Description": "Pince à becs larges coudés à 45° pour tôlier, branches gainées PVC",
            "StandardisedArticleDescription": "Pince à becs larges coudés à 45° pour tôlier, branches gainées PVC",
            "GenArtNo": -10013
        }
    ],
    "HasPartList": false,
    "HasTextInfo": false,
    "LogoBrand": [
        {
            "Name": "11.jpg",
            "Extension": "JPG",
            "Path": "/img/10013/11.jpg"
        }
    ],
    "Pictures": [
        {
            "Name": "1078.jpg",
            "Extension": "JPG",
            "Path": "/img/10013/1078.jpg",
            "SortNo": 1
        }
    ],
    "Replaced_by": [],
    "Replaces": [],
    "Status": "",
    "TradeNo": [
        "010780026"
    ],
    "URL": []
}