{
    "ArtNo": "1080D",
    "Attributs": [
        {
            "Attribute": "Description",
            "Value": "Pince coupante diagonale pour la coupe de matériaux tendres branches gainées avec double couche de PVC antidérapant",
            "SortNo": 1
        },
        {
            "Attribute": "○",
            "Value": "45°",
            "SortNo": 2
        },
        {
            "Attribute": "L\nmm",
            "Value": "160",
            "SortNo": 3
        },
        {
            "Attribute": "L1\nmm",
            "Value": "22",
            "SortNo": 4
        }
    ],
    "BrandName": "Beta",
    "BrandNo": "10013",
    "Documents": [],
    "GTIN": [
        "8014230734170"
    ],
    "GenArts": [
        {
            "Description": "Pince coupante diagonale pour la coupe de matériaux tendres branches gainées avec double couche de PVC antidérapant",
            "StandardisedArticleDescription": "Pince coupante diagonale pour la coupe de matériaux tendres branches gainées avec double couche de PVC antidérapant",
            "GenArtNo": -10013
        }
    ],
    "HasPartList": false,
    "HasTextInfo": false,
    "LogoBrand": [
        {
            "Name": "06.jpg",
            "Extension": "JPG",
            "Path": "/img/10013/06.jpg"
        }
    ],
    "Pictures": [
        {
            "Name": "1080D.jpg",
            "Extension": "JPG",
            "Path": "/img/10013/1080D.jpg",
            "SortNo": 1
        }
    ],
    "Replaced_by": [],
    "Replaces": [],
    "Status": "",
    "TradeNo": [
        "010800045"
    ],
    "URL": []
}