{
    "ArtNo": "1081",
    "Attributs": [
        {
            "Attribute": "Description",
            "Value": "Pince coupante semi-rase branches gainées avec double couche de PVC antidérapant",
            "SortNo": 1
        },
        {
            "Attribute": "L\nmm",
            "Value": "125",
            "SortNo": 2
        },
        {
            "Attribute": "L1\nmm",
            "Value": "16",
            "SortNo": 3
        },
        {
            "Attribute": "A\nmm",
            "Value": "14,6",
            "SortNo": 4
        },
        {
            "Attribute": "S\nmm",
            "Value": "9,0",
            "SortNo": 5
        }
    ],
    "BrandName": "Beta",
    "BrandNo": "10013",
    "Documents": [],
    "GTIN": [
        "8014230888330"
    ],
    "GenArts": [
        {
            "Description": "Pince coupante semi-rase branches gainées avec double couche de PVC antidérapant",
            "StandardisedArticleDescription": "Pince coupante semi-rase branches gainées avec double couche de PVC antidérapant",
            "GenArtNo": -10013
        }
    ],
    "HasPartList": false,
    "HasTextInfo": false,
    "LogoBrand": [
        {
            "Name": "06.jpg",
            "Extension": "JPG",
            "Path": "/img/10013/06.jpg"
        }
    ],
    "Pictures": [
        {
            "Name": "1081.jpg",
            "Extension": "JPG",
            "Path": "/img/10013/1081.jpg",
            "SortNo": 1
        }
    ],
    "Replaced_by": [],
    "Replaces": [],
    "Status": "",
    "TradeNo": [
        "010810130"
    ],
    "URL": []
}