{
    "ArtNo": "1082BM",
    "Attributs": [
        {
            "Attribute": "Description",
            "Value": "Pince coupante diagonale, branches gainées confort bi-matières",
            "SortNo": 1
        },
        {
            "Attribute": "L \nmm",
            "Value": "160",
            "SortNo": 2
        },
        {
            "Attribute": "L1 \nmm",
            "Value": "22",
            "SortNo": 3
        },
        {
            "Attribute": " \nmm",
            "Value": "1,6",
            "SortNo": 4
        },
        {
            "Attribute": "A  \nmm",
            "Value": "28,0",
            "SortNo": 5
        },
        {
            "Attribute": "S \nmm",
            "Value": "12,0",
            "SortNo": 6
        }
    ],
    "BrandName": "Beta",
    "BrandNo": "10013",
    "Documents": [],
    "GTIN": [
        "8014230421995"
    ],
    "GenArts": [
        {
            "Description": "Pince coupante diagonale, branches gainées confort bi-matières",
            "StandardisedArticleDescription": "Pince coupante diagonale, branches gainées confort bi-matières",
            "GenArtNo": -10013
        }
    ],
    "HasPartList": false,
    "HasTextInfo": false,
    "LogoBrand": [
        {
            "Name": "06.jpg",
            "Extension": "JPG",
            "Path": "/img/10013/06.jpg"
        }
    ],
    "Pictures": [
        {
            "Name": "1082BM.jpg",
            "Extension": "JPG",
            "Path": "/img/10013/1082BM.jpg",
            "SortNo": 1
        }
    ],
    "Replaced_by": [],
    "Replaces": [],
    "Status": "",
    "TradeNo": [
        "010820036"
    ],
    "URL": []
}