{
    "ArtNo": "1082INOX",
    "Attributs": [
        {
            "Attribute": "Description",
            "Value": "Pince coupante diagonale en acier inoxydable",
            "SortNo": 1
        },
        {
            "Attribute": "L\nmm",
            "Value": "150",
            "SortNo": 2
        },
        {
            "Attribute": "L1\nmm",
            "Value": "20,0",
            "SortNo": 3
        },
        {
            "Attribute": "\nmm",
            "Value": "1,6",
            "SortNo": 4
        },
        {
            "Attribute": "A \nmm",
            "Value": "22,0",
            "SortNo": 5
        },
        {
            "Attribute": "S\nmm",
            "Value": "10,0",
            "SortNo": 6
        }
    ],
    "BrandName": "BetaINOX",
    "BrandNo": "10013",
    "Documents": [],
    "GTIN": [
        "8014230867540"
    ],
    "GenArts": [
        {
            "Description": "Pince coupante diagonale en acier inoxydable",
            "StandardisedArticleDescription": "Pince coupante diagonale en acier inoxydable",
            "GenArtNo": -10013
        }
    ],
    "HasPartList": false,
    "HasTextInfo": false,
    "LogoBrand": [
        {
            "Name": "11_inox.jpg",
            "Extension": "JPG",
            "Path": "/img/10013/11_inox.jpg"
        }
    ],
    "Pictures": [
        {
            "Name": "1082INOX.jpg",
            "Extension": "JPG",
            "Path": "/img/10013/1082INOX.jpg",
            "SortNo": 1
        }
    ],
    "Replaced_by": [],
    "Replaces": [],
    "Status": "",
    "TradeNo": [
        "010820350"
    ],
    "URL": []
}