{
    "ArtNo": "1082G",
    "Attributs": [
        {
            "Attribute": "Description",
            "Value": "Pince coupante diagonale, branches gainées avec double couche de PVC antidérapant, finition industrielle",
            "SortNo": 1
        },
        {
            "Attribute": "L\nmm",
            "Value": "160",
            "SortNo": 2
        },
        {
            "Attribute": "L1\nmm",
            "Value": "22",
            "SortNo": 3
        },
        {
            "Attribute": "\nmm",
            "Value": "1,6",
            "SortNo": 4
        },
        {
            "Attribute": "A \nmm",
            "Value": "28,0",
            "SortNo": 5
        },
        {
            "Attribute": "S\nmm",
            "Value": "12,0",
            "SortNo": 6
        }
    ],
    "BrandName": "Beta",
    "BrandNo": "10013",
    "Documents": [],
    "GTIN": [
        "8014230963464"
    ],
    "GenArts": [
        {
            "Description": "Pince coupante diagonale, branches gainées avec double couche de PVC antidérapant, finition industrielle",
            "StandardisedArticleDescription": "Pince coupante diagonale, branches gainées avec double couche de PVC antidérapant, finition industrielle",
            "GenArtNo": -10013
        }
    ],
    "HasPartList": false,
    "HasTextInfo": false,
    "LogoBrand": [
        {
            "Name": "06.jpg",
            "Extension": "JPG",
            "Path": "/img/10013/06.jpg"
        }
    ],
    "Pictures": [
        {
            "Name": "1082G.jpg",
            "Extension": "JPG",
            "Path": "/img/10013/1082G.jpg",
            "SortNo": 1
        }
    ],
    "Replaced_by": [],
    "Replaces": [],
    "Status": "",
    "TradeNo": [
        "010820066"
    ],
    "URL": []
}