{
    "ArtNo": "1082BA",
    "Attributs": [
        {
            "Attribute": "Description",
            "Value": "Pince coupante diagonale antidéflagrante",
            "SortNo": 1
        },
        {
            "Attribute": "L \nmm",
            "Value": "160",
            "SortNo": 2
        },
        {
            "Attribute": "L1 \nmm",
            "Value": "22",
            "SortNo": 3
        },
        {
            "Attribute": "A\nmm",
            "Value": "28",
            "SortNo": 4
        },
        {
            "Attribute": "S \nmm",
            "Value": "12",
            "SortNo": 5
        },
        {
            "Attribute": " \ng",
            "Value": "180",
            "SortNo": 6
        }
    ],
    "BrandName": "Beta",
    "BrandNo": "10013",
    "Documents": [],
    "GTIN": [
        "8014230428383"
    ],
    "GenArts": [
        {
            "Description": "Pince coupante diagonale antidéflagrante",
            "StandardisedArticleDescription": "Pince coupante diagonale antidéflagrante",
            "GenArtNo": -10013
        }
    ],
    "HasPartList": false,
    "HasTextInfo": false,
    "LogoBrand": [
        {
            "Name": "12.jpg",
            "Extension": "JPG",
            "Path": "/img/10013/12.jpg"
        }
    ],
    "Pictures": [
        {
            "Name": "1082BA.jpg",
            "Extension": "JPG",
            "Path": "/img/10013/1082BA.jpg",
            "SortNo": 1
        }
    ],
    "Replaced_by": [],
    "Replaces": [],
    "Status": "",
    "TradeNo": [
        "010820801"
    ],
    "URL": []
}