{
    "ArtNo": "1084MQ",
    "Attributs": [
        {
            "Attribute": "Description",
            "Value": "Pince coupante diagonale à faible effort de coupe",
            "SortNo": 1
        },
        {
            "Attribute": "L \nmm",
            "Value": "200",
            "SortNo": 2
        },
        {
            "Attribute": "L1 \nmm",
            "Value": "26",
            "SortNo": 3
        },
        {
            "Attribute": " \nmm",
            "Value": "2,0",
            "SortNo": 4
        },
        {
            "Attribute": "A \nmm",
            "Value": "26",
            "SortNo": 5
        },
        {
            "Attribute": "B \nmm",
            "Value": "12",
            "SortNo": 6
        }
    ],
    "BrandName": "Beta",
    "BrandNo": "10013",
    "Documents": [],
    "GTIN": [
        "8014230422152"
    ],
    "GenArts": [
        {
            "Description": "Pince coupante diagonale à faible effort de coupe",
            "StandardisedArticleDescription": "Pince coupante diagonale à faible effort de coupe",
            "GenArtNo": -10013
        }
    ],
    "HasPartList": false,
    "HasTextInfo": false,
    "LogoBrand": [
        {
            "Name": "15.jpg",
            "Extension": "JPG",
            "Path": "/img/10013/15.jpg"
        }
    ],
    "Pictures": [
        {
            "Name": "1084MQ.jpg",
            "Extension": "JPG",
            "Path": "/img/10013/1084MQ.jpg",
            "SortNo": 1
        }
    ],
    "Replaced_by": [],
    "Replaces": [],
    "Status": "",
    "TradeNo": [
        "010840100"
    ],
    "URL": []
}