{
    "ArtNo": "1084GBM",
    "Attributs": [
        {
            "Attribute": "Description",
            "Value": "Pince coupante diagonale à faible effort de coupe, branchées gainées confort bi-matières, finition industrielle",
            "SortNo": 1
        },
        {
            "Attribute": "L\nmm",
            "Value": "200",
            "SortNo": 2
        },
        {
            "Attribute": "L1\nmm",
            "Value": "28",
            "SortNo": 3
        },
        {
            "Attribute": "\nmm",
            "Value": "2,0",
            "SortNo": 4
        },
        {
            "Attribute": "A\nmm",
            "Value": "36,0",
            "SortNo": 5
        },
        {
            "Attribute": "S\nmm",
            "Value": "16,0",
            "SortNo": 6
        }
    ],
    "BrandName": "Beta",
    "BrandNo": "10013",
    "Documents": [],
    "GTIN": [
        "8014230963549"
    ],
    "GenArts": [
        {
            "Description": "Pince coupante diagonale à faible effort de coupe, branchées gainées confort bi-matières, finition industrielle",
            "StandardisedArticleDescription": "Pince coupante diagonale à faible effort de coupe, branchées gainées confort bi-matières, finition industrielle",
            "GenArtNo": -10013
        }
    ],
    "HasPartList": false,
    "HasTextInfo": false,
    "LogoBrand": [
        {
            "Name": "06.jpg",
            "Extension": "JPG",
            "Path": "/img/10013/06.jpg"
        }
    ],
    "Pictures": [
        {
            "Name": "1084GBM.jpg",
            "Extension": "JPG",
            "Path": "/img/10013/1084GBM.jpg",
            "SortNo": 1
        }
    ],
    "Replaced_by": [],
    "Replaces": [],
    "Status": "",
    "TradeNo": [
        "010840270"
    ],
    "URL": []
}