{
    "ArtNo": "1088BM",
    "Attributs": [
        {
            "Attribute": "Description",
            "Value": "Pince coupante frontale à faible effort de coupe branches gainées confort bi-matières",
            "SortNo": 1
        },
        {
            "Attribute": "L \nmm",
            "Value": "200",
            "SortNo": 2
        },
        {
            "Attribute": "L1 \nmm",
            "Value": "11",
            "SortNo": 3
        },
        {
            "Attribute": " \nmm",
            "Value": "2,0",
            "SortNo": 4
        },
        {
            "Attribute": "A  \nmm",
            "Value": "36,0",
            "SortNo": 5
        },
        {
            "Attribute": "S \nmm",
            "Value": "13,0",
            "SortNo": 6
        }
    ],
    "BrandName": "Beta",
    "BrandNo": "10013",
    "Documents": [],
    "GTIN": [
        "8014230422183"
    ],
    "GenArts": [
        {
            "Description": "Pince coupante frontale à faible effort de coupe branches gainées confort bi-matières",
            "StandardisedArticleDescription": "Pince coupante frontale à faible effort de coupe branches gainées confort bi-matières",
            "GenArtNo": -10013
        }
    ],
    "HasPartList": false,
    "HasTextInfo": false,
    "LogoBrand": [
        {
            "Name": "06.jpg",
            "Extension": "JPG",
            "Path": "/img/10013/06.jpg"
        }
    ],
    "Pictures": [
        {
            "Name": "1088BM.jpg",
            "Extension": "JPG",
            "Path": "/img/10013/1088BM.jpg",
            "SortNo": 1
        }
    ],
    "Replaced_by": [],
    "Replaces": [],
    "Status": "",
    "TradeNo": [
        "010880040"
    ],
    "URL": []
}