{
    "ArtNo": "1088MQ",
    "Attributs": [
        {
            "Attribute": "Description",
            "Value": "Pince coupante frontale",
            "SortNo": 1
        },
        {
            "Attribute": "L \nmm",
            "Value": "160",
            "SortNo": 2
        },
        {
            "Attribute": "L1 \nmm",
            "Value": "7",
            "SortNo": 3
        },
        {
            "Attribute": " \nmm",
            "Value": "1,6",
            "SortNo": 4
        },
        {
            "Attribute": "A \nmm",
            "Value": "25",
            "SortNo": 5
        },
        {
            "Attribute": "B \nmm",
            "Value": "25",
            "SortNo": 6
        }
    ],
    "BrandName": "Beta",
    "BrandNo": "10013",
    "Documents": [],
    "GTIN": [
        "8014230422206"
    ],
    "GenArts": [
        {
            "Description": "Pince coupante frontale",
            "StandardisedArticleDescription": "Pince coupante frontale",
            "GenArtNo": -10013
        }
    ],
    "HasPartList": false,
    "HasTextInfo": false,
    "LogoBrand": [
        {
            "Name": "15.jpg",
            "Extension": "JPG",
            "Path": "/img/10013/15.jpg"
        }
    ],
    "Pictures": [
        {
            "Name": "1088MQ.jpg",
            "Extension": "JPG",
            "Path": "/img/10013/1088MQ.jpg",
            "SortNo": 1
        }
    ],
    "Replaced_by": [],
    "Replaces": [],
    "Status": "",
    "TradeNo": [
        "010880096"
    ],
    "URL": []
}