{
    "ArtNo": "1092V",
    "Attributs": [
        {
            "Attribute": "Description",
            "Value": "Pince coupante frontale articulée",
            "SortNo": 1
        },
        {
            "Attribute": "L \nmm",
            "Value": "200",
            "SortNo": 2
        },
        {
            "Attribute": "L1 \nmm",
            "Value": "9",
            "SortNo": 3
        },
        {
            "Attribute": " \nmm",
            "Value": "2,5",
            "SortNo": 4
        },
        {
            "Attribute": "A  \nmm",
            "Value": "48,0",
            "SortNo": 5
        },
        {
            "Attribute": "A1 \nmm",
            "Value": "34,0",
            "SortNo": 6
        }
    ],
    "BrandName": "Beta",
    "BrandNo": "10013",
    "Documents": [],
    "GTIN": [
        "8014230176338"
    ],
    "GenArts": [
        {
            "Description": "Pince coupante frontale articulée",
            "StandardisedArticleDescription": "Pince coupante frontale articulée",
            "GenArtNo": -10013
        }
    ],
    "HasPartList": false,
    "HasTextInfo": false,
    "LogoBrand": [
        {
            "Name": "06.jpg",
            "Extension": "JPG",
            "Path": "/img/10013/06.jpg"
        }
    ],
    "Pictures": [
        {
            "Name": "1092V.jpg",
            "Extension": "JPG",
            "Path": "/img/10013/1092V.jpg",
            "SortNo": 1
        }
    ],
    "Replaced_by": [],
    "Replaces": [],
    "Status": "",
    "TradeNo": [
        "010920310"
    ],
    "URL": []
}