{
    "ArtNo": "1094V",
    "Attributs": [
        {
            "Attribute": "Description",
            "Value": "Pince coupante diagonale articulée",
            "SortNo": 1
        },
        {
            "Attribute": "L \nmm",
            "Value": "200",
            "SortNo": 2
        },
        {
            "Attribute": "L1 \nmm",
            "Value": "23",
            "SortNo": 3
        },
        {
            "Attribute": " \nmm",
            "Value": "2,5",
            "SortNo": 4
        },
        {
            "Attribute": "A  \nmm",
            "Value": "38,0",
            "SortNo": 5
        },
        {
            "Attribute": "S \nmm",
            "Value": "13,0",
            "SortNo": 6
        }
    ],
    "BrandName": "Beta",
    "BrandNo": "10013",
    "Documents": [],
    "GTIN": [
        "8014230199672"
    ],
    "GenArts": [
        {
            "Description": "Pince coupante diagonale articulée",
            "StandardisedArticleDescription": "Pince coupante diagonale articulée",
            "GenArtNo": -10013
        }
    ],
    "HasPartList": false,
    "HasTextInfo": false,
    "LogoBrand": [
        {
            "Name": "06.jpg",
            "Extension": "JPG",
            "Path": "/img/10013/06.jpg"
        }
    ],
    "Pictures": [
        {
            "Name": "1094V.jpg",
            "Extension": "JPG",
            "Path": "/img/10013/1094V.jpg",
            "SortNo": 1
        }
    ],
    "Replaced_by": [],
    "Replaces": [],
    "Status": "",
    "TradeNo": [
        "010940200"
    ],
    "URL": []
}