{
    "ArtNo": "1095N",
    "Attributs": [
        {
            "Attribute": "Description",
            "Value": "Pince coupante diagonale articulée",
            "SortNo": 1
        },
        {
            "Attribute": "L \nmm",
            "Value": "195",
            "SortNo": 2
        },
        {
            "Attribute": "L1 \nmm",
            "Value": "26",
            "SortNo": 3
        },
        {
            "Attribute": " \nmm",
            "Value": "1,6",
            "SortNo": 4
        },
        {
            "Attribute": "A  \nmm",
            "Value": "25,0",
            "SortNo": 5
        },
        {
            "Attribute": "S \nmm",
            "Value": "11,0",
            "SortNo": 6
        }
    ],
    "BrandName": "Beta",
    "BrandNo": "10013",
    "Documents": [],
    "GTIN": [
        "8014230481906"
    ],
    "GenArts": [
        {
            "Description": "Pince coupante diagonale articulée",
            "StandardisedArticleDescription": "Pince coupante diagonale articulée",
            "GenArtNo": -10013
        }
    ],
    "HasPartList": false,
    "HasTextInfo": false,
    "LogoBrand": [
        {
            "Name": "06.jpg",
            "Extension": "JPG",
            "Path": "/img/10013/06.jpg"
        }
    ],
    "Pictures": [
        {
            "Name": "1095N.jpg",
            "Extension": "JPG",
            "Path": "/img/10013/1095N.jpg",
            "SortNo": 1
        }
    ],
    "Replaced_by": [],
    "Replaces": [],
    "Status": "",
    "TradeNo": [
        "010950010"
    ],
    "URL": []
}