{
    "ArtNo": "1096",
    "Attributs": [
        {
            "Attribute": "Description",
            "Value": "Tenaille de menuisier",
            "SortNo": 1
        },
        {
            "Attribute": "L \n~",
            "Value": "250",
            "SortNo": 2
        },
        {
            "Attribute": "L1 \nmm",
            "Value": "30",
            "SortNo": 3
        }
    ],
    "BrandName": "Beta",
    "BrandNo": "10013",
    "Documents": [],
    "GTIN": [
        "8014230040172"
    ],
    "GenArts": [
        {
            "Description": "Tenaille de menuisier",
            "StandardisedArticleDescription": "Tenaille de menuisier",
            "GenArtNo": -10013
        }
    ],
    "HasPartList": false,
    "HasTextInfo": false,
    "LogoBrand": [
        {
            "Name": "11.jpg",
            "Extension": "JPG",
            "Path": "/img/10013/11.jpg"
        }
    ],
    "Pictures": [
        {
            "Name": "1096.jpg",
            "Extension": "JPG",
            "Path": "/img/10013/1096.jpg",
            "SortNo": 1
        }
    ],
    "Replaced_by": [],
    "Replaces": [],
    "Status": "",
    "TradeNo": [
        "010960025"
    ],
    "URL": []
}