{
    "ArtNo": "1100BA",
    "Attributs": [
        {
            "Attribute": "Description",
            "Value": "Coupe-boulons, antidéflagrant",
            "SortNo": 1
        },
        {
            "Attribute": "",
            "Value": "600",
            "SortNo": 2
        }
    ],
    "BrandName": "Beta",
    "BrandNo": "10013",
    "Documents": [],
    "GTIN": [
        "8014230868486"
    ],
    "GenArts": [
        {
            "Description": "Coupe-boulons, antidéflagrant",
            "StandardisedArticleDescription": "Coupe-boulons, antidéflagrant",
            "GenArtNo": -10013
        }
    ],
    "HasPartList": false,
    "HasTextInfo": false,
    "LogoBrand": [
        {
            "Name": "12.jpg",
            "Extension": "JPG",
            "Path": "/img/10013/12.jpg"
        }
    ],
    "Pictures": [
        {
            "Name": "1100BA600.jpg",
            "Extension": "JPG",
            "Path": "/img/10013/1100BA600.jpg",
            "SortNo": 1
        }
    ],
    "Replaced_by": [],
    "Replaces": [],
    "Status": "",
    "TradeNo": [
        "011000860"
    ],
    "URL": []
}