{
    "ArtNo": "1102",
    "Attributs": [
        {
            "Attribute": "Description",
            "Value": "Mini-coupe boulons",
            "SortNo": 1
        },
        {
            "Attribute": "L\n~",
            "Value": "230",
            "SortNo": 2
        },
        {
            "Attribute": " \nmm",
            "Value": "4",
            "SortNo": 3
        }
    ],
    "BrandName": "Beta",
    "BrandNo": "10013",
    "Documents": [],
    "GTIN": [
        "8014230056036"
    ],
    "GenArts": [
        {
            "Description": "Mini-coupe boulons",
            "StandardisedArticleDescription": "Mini-coupe boulons",
            "GenArtNo": -10013
        }
    ],
    "HasPartList": false,
    "HasTextInfo": false,
    "LogoBrand": [
        {
            "Name": "11.jpg",
            "Extension": "JPG",
            "Path": "/img/10013/11.jpg"
        }
    ],
    "Pictures": [
        {
            "Name": "1102.jpg",
            "Extension": "JPG",
            "Path": "/img/10013/1102.jpg",
            "SortNo": 1
        }
    ],
    "Replaced_by": [],
    "Replaces": [],
    "Status": "",
    "TradeNo": [
        "011020020"
    ],
    "URL": []
}