{
    "ArtNo": "11023",
    "Attributs": [
        {
            "Attribute": "Description",
            "Value": "Disques à ébarber pour l'acier et l'inox à moyeu déporté Enlèvement de matière élevé",
            "SortNo": 1
        },
        {
            "Attribute": "Ø \nmm",
            "Value": "230",
            "SortNo": 2
        },
        {
            "Attribute": "S \nmm",
            "Value": "6,5",
            "SortNo": 3
        },
        {
            "Attribute": "F \nmm",
            "Value": "22,23",
            "SortNo": 4
        },
        {
            "Attribute": "max.\nrpm",
            "Value": "6600",
            "SortNo": 5
        }
    ],
    "BrandName": "BetaABRASIVES",
    "BrandNo": "10013",
    "Documents": [],
    "GTIN": [
        "8014230943688"
    ],
    "GenArts": [
        {
            "Description": "Disques à ébarber pour l'acier et l'inox à moyeu déporté Enlèvement de matière élevé",
            "StandardisedArticleDescription": "Disques à ébarber pour l'acier et l'inox à moyeu déporté Enlèvement de matière élevé",
            "GenArtNo": -10013
        }
    ],
    "HasPartList": false,
    "HasTextInfo": false,
    "LogoBrand": [
        {
            "Name": "26.jpg",
            "Extension": "JPG",
            "Path": "/img/10013/26.jpg"
        }
    ],
    "Pictures": [
        {
            "Name": "11023.jpg",
            "Extension": "JPG",
            "Path": "/img/10013/11023.jpg",
            "SortNo": 1
        }
    ],
    "Replaced_by": [],
    "Replaces": [],
    "Status": "",
    "TradeNo": [
        "110230230"
    ],
    "URL": []
}