{
    "ArtNo": "1103R",
    "Attributs": [
        {
            "Attribute": "Description",
            "Value": "Tête pour 1103",
            "SortNo": 1
        },
        {
            "Attribute": "mm",
            "Value": "950",
            "SortNo": 2
        }
    ],
    "BrandName": "Beta",
    "BrandNo": "10013",
    "Documents": [],
    "GTIN": [
        "8054809249674"
    ],
    "GenArts": [
        {
            "Description": "Tête pour 1103",
            "StandardisedArticleDescription": "Tête pour 1103",
            "GenArtNo": -10013
        }
    ],
    "HasPartList": false,
    "HasTextInfo": false,
    "LogoBrand": [
        {
            "Name": "11.jpg",
            "Extension": "JPG",
            "Path": "/img/10013/11.jpg"
        }
    ],
    "Pictures": [
        {
            "Name": "1103R.jpg",
            "Extension": "JPG",
            "Path": "/img/10013/1103R.jpg",
            "SortNo": 1
        }
    ],
    "Replaced_by": [],
    "Replaces": [],
    "Status": "",
    "TradeNo": [
        "011030190"
    ],
    "URL": []
}