{
    "ArtNo": "1103",
    "Attributs": [
        {
            "Attribute": "Description",
            "Value": "Coupe-treillis à tête plate pour tiges, boulons et treillis électrosoudés à béton",
            "SortNo": 1
        },
        {
            "Attribute": "L\nmm",
            "Value": "950",
            "SortNo": 2
        }
    ],
    "BrandName": "Beta",
    "BrandNo": "10013",
    "Documents": [],
    "GTIN": [
        "8054809249667"
    ],
    "GenArts": [
        {
            "Description": "Coupe-treillis à tête plate pour tiges, boulons et treillis électrosoudés à béton",
            "StandardisedArticleDescription": "Coupe-treillis à tête plate pour tiges, boulons et treillis électrosoudés à béton",
            "GenArtNo": -10013
        }
    ],
    "HasPartList": false,
    "HasTextInfo": false,
    "LogoBrand": [
        {
            "Name": "11.jpg",
            "Extension": "JPG",
            "Path": "/img/10013/11.jpg"
        }
    ],
    "Pictures": [
        {
            "Name": "1103.jpg",
            "Extension": "JPG",
            "Path": "/img/10013/1103.jpg",
            "SortNo": 1
        }
    ],
    "Replaced_by": [],
    "Replaces": [],
    "Status": "",
    "TradeNo": [
        "011030090"
    ],
    "URL": []
}