{
    "ArtNo": "11035",
    "Attributs": [
        {
            "Attribute": "Description",
            "Value": "Disques à tronçonner épaisseur fine, à moyeu plat pour l'acier et l'inox Haute performance et très longue durée de vie",
            "SortNo": 1
        },
        {
            "Attribute": "Ø\nmm",
            "Value": "125",
            "SortNo": 2
        },
        {
            "Attribute": "S\nmm",
            "Value": "1,6",
            "SortNo": 3
        },
        {
            "Attribute": "F\nmm",
            "Value": "22,23",
            "SortNo": 4
        },
        {
            "Attribute": "max.\nrpm",
            "Value": "12200",
            "SortNo": 5
        }
    ],
    "BrandName": "BetaABRASIVES",
    "BrandNo": "10013",
    "Documents": [],
    "GTIN": [
        "8014230943886"
    ],
    "GenArts": [
        {
            "Description": "Disques à tronçonner épaisseur fine, à moyeu plat pour l'acier et l'inox Haute performance et très longue durée de vie",
            "StandardisedArticleDescription": "Disques à tronçonner épaisseur fine, à moyeu plat pour l'acier et l'inox Haute performance et très longue durée de vie",
            "GenArtNo": -10013
        }
    ],
    "HasPartList": false,
    "HasTextInfo": false,
    "LogoBrand": [
        {
            "Name": "26.jpg",
            "Extension": "JPG",
            "Path": "/img/10013/26.jpg"
        }
    ],
    "Pictures": [
        {
            "Name": "11035.jpg",
            "Extension": "JPG",
            "Path": "/img/10013/11035.jpg",
            "SortNo": 1
        }
    ],
    "Replaced_by": [],
    "Replaces": [],
    "Status": "",
    "TradeNo": [
        "110350062"
    ],
    "URL": []
}