{
    "ArtNo": "1104R",
    "Attributs": [
        {
            "Attribute": "Description",
            "Value": "Lames pour 1104",
            "SortNo": 1
        },
        {
            "Attribute": "mm",
            "Value": "600",
            "SortNo": 2
        }
    ],
    "BrandName": "Beta",
    "BrandNo": "10013",
    "Documents": [],
    "GTIN": [
        "8014230648101"
    ],
    "GenArts": [
        {
            "Description": "Lames pour 1104",
            "StandardisedArticleDescription": "Lames pour 1104",
            "GenArtNo": -10013
        }
    ],
    "HasPartList": false,
    "HasTextInfo": false,
    "LogoBrand": [
        {
            "Name": "11.jpg",
            "Extension": "JPG",
            "Path": "/img/10013/11.jpg"
        }
    ],
    "Pictures": [
        {
            "Name": "1104R.jpg",
            "Extension": "JPG",
            "Path": "/img/10013/1104R.jpg",
            "SortNo": 1
        }
    ],
    "Replaced_by": [],
    "Replaces": [],
    "Status": "",
    "TradeNo": [
        "011040016"
    ],
    "URL": []
}