{
    "ArtNo": "11049",
    "Attributs": [
        {
            "Attribute": "Description",
            "Value": "Disques à tronçonner épaisseur fine, à moyeu plat pour l'acier et l'inox Performance élevée et très bonne durée de vie",
            "SortNo": 1
        },
        {
            "Attribute": "Ø \nmm",
            "Value": "230",
            "SortNo": 2
        },
        {
            "Attribute": "S \nmm",
            "Value": "2,0",
            "SortNo": 3
        },
        {
            "Attribute": "F \nmm",
            "Value": "22,23",
            "SortNo": 4
        },
        {
            "Attribute": "max.\nrpm",
            "Value": "6600",
            "SortNo": 5
        }
    ],
    "BrandName": "BetaABRASIVES",
    "BrandNo": "10013",
    "Documents": [],
    "GTIN": [
        "8014230944029"
    ],
    "GenArts": [
        {
            "Description": "Disques à tronçonner épaisseur fine, à moyeu plat pour l'acier et l'inox Performance élevée et très bonne durée de vie",
            "StandardisedArticleDescription": "Disques à tronçonner épaisseur fine, à moyeu plat pour l'acier et l'inox Performance élevée et très bonne durée de vie",
            "GenArtNo": -10013
        }
    ],
    "HasPartList": false,
    "HasTextInfo": false,
    "LogoBrand": [
        {
            "Name": "26.jpg",
            "Extension": "JPG",
            "Path": "/img/10013/26.jpg"
        }
    ],
    "Pictures": [
        {
            "Name": "11049.jpg",
            "Extension": "JPG",
            "Path": "/img/10013/11049.jpg",
            "SortNo": 1
        }
    ],
    "Replaced_by": [],
    "Replaces": [],
    "Status": "",
    "TradeNo": [
        "110490019"
    ],
    "URL": []
}