{
    "ArtNo": "1105",
    "Attributs": [
        {
            "Attribute": "Description",
            "Value": "Emporte-pièces en acier",
            "SortNo": 1
        },
        {
            "Attribute": "D\nmm",
            "Value": "50",
            "SortNo": 2
        },
        {
            "Attribute": "L\nmm",
            "Value": "42",
            "SortNo": 3
        }
    ],
    "BrandName": "Beta",
    "BrandNo": "10013",
    "Documents": [],
    "GTIN": [
        "8014230176673"
    ],
    "GenArts": [
        {
            "Description": "Emporte-pièces en acier",
            "StandardisedArticleDescription": "Emporte-pièces en acier",
            "GenArtNo": -10013
        }
    ],
    "HasPartList": false,
    "HasTextInfo": false,
    "LogoBrand": [
        {
            "Name": "11.jpg",
            "Extension": "JPG",
            "Path": "/img/10013/11.jpg"
        }
    ],
    "Pictures": [
        {
            "Name": "1105.jpg",
            "Extension": "JPG",
            "Path": "/img/10013/1105.jpg",
            "SortNo": 1
        }
    ],
    "Replaced_by": [],
    "Replaces": [],
    "Status": "",
    "TradeNo": [
        "011050050"
    ],
    "URL": []
}