{
    "ArtNo": "1105AD-50",
    "Attributs": [
        {
            "Attribute": "Description",
            "Value": "Adaptateur pour 1105T50",
            "SortNo": 1
        },
        {
            "Attribute": "Ø \nmm",
            "Value": "57",
            "SortNo": 2
        }
    ],
    "BrandName": "Beta",
    "BrandNo": "10013",
    "Documents": [],
    "GTIN": [
        "8014230694979"
    ],
    "GenArts": [
        {
            "Description": "Adaptateur pour 1105T50",
            "StandardisedArticleDescription": "Adaptateur pour 1105T50",
            "GenArtNo": -10013
        }
    ],
    "HasPartList": false,
    "HasTextInfo": false,
    "LogoBrand": [
        {
            "Name": "11.jpg",
            "Extension": "JPG",
            "Path": "/img/10013/11.jpg"
        }
    ],
    "Pictures": [
        {
            "Name": "1105AD-50.jpg",
            "Extension": "JPG",
            "Path": "/img/10013/1105AD-50.jpg",
            "SortNo": 1
        }
    ],
    "Replaced_by": [],
    "Replaces": [],
    "Status": "",
    "TradeNo": [
        "011050210"
    ],
    "URL": []
}