{
    "ArtNo": "1105/C32T",
    "Attributs": [
        {
            "Attribute": "Description",
            "Value": "Assortiment de 29 emporte pièces, 2 à 50 mm, et 3 accessoires",
            "SortNo": 1
        }
    ],
    "BrandName": "Beta",
    "BrandNo": "10013",
    "Documents": [],
    "GTIN": [
        "8054809213811"
    ],
    "GenArts": [
        {
            "Description": "Assortiment de 29 emporte pièces, 2 à 50 mm, et 3 accessoires",
            "StandardisedArticleDescription": "Assortiment de 29 emporte pièces, 2 à 50 mm, et 3 accessoires",
            "GenArtNo": -10013
        }
    ],
    "HasPartList": false,
    "HasTextInfo": false,
    "LogoBrand": [
        {
            "Name": "11.jpg",
            "Extension": "JPG",
            "Path": "/img/10013/11.jpg"
        }
    ],
    "Pictures": [
        {
            "Name": "1105_slash_C32T.jpg",
            "Extension": "JPG",
            "Path": "/img/10013/1105_slash_C32T.jpg",
            "SortNo": 1
        }
    ],
    "Replaced_by": [],
    "Replaces": [],
    "Status": "",
    "TradeNo": [
        "011050257"
    ],
    "URL": []
}