{
    "ArtNo": "1105T20",
    "Attributs": [
        {
            "Attribute": "Description",
            "Value": "Poignée pour emporte-pièces 1105, 2-20 mm",
            "SortNo": 1
        },
        {
            "Attribute": "L\nmm",
            "Value": "110",
            "SortNo": 2
        }
    ],
    "BrandName": "Beta",
    "BrandNo": "10013",
    "Documents": [],
    "GTIN": [
        "8054809149998"
    ],
    "GenArts": [
        {
            "Description": "Poignée pour emporte-pièces 1105, 2-20 mm",
            "StandardisedArticleDescription": "Poignée pour emporte-pièces 1105, 2-20 mm",
            "GenArtNo": -10013
        }
    ],
    "HasPartList": false,
    "HasTextInfo": false,
    "LogoBrand": [
        {
            "Name": "11.jpg",
            "Extension": "JPG",
            "Path": "/img/10013/11.jpg"
        }
    ],
    "Pictures": [
        {
            "Name": "1105T20.jpg",
            "Extension": "JPG",
            "Path": "/img/10013/1105T20.jpg",
            "SortNo": 1
        }
    ],
    "Replaced_by": [],
    "Replaces": [],
    "Status": "",
    "TradeNo": [
        "011050200"
    ],
    "URL": []
}