{
    "ArtNo": "1105T50",
    "Attributs": [
        {
            "Attribute": "Description",
            "Value": "Poignée pour 1105, 2-50 mm",
            "SortNo": 1
        },
        {
            "Attribute": "​155",
            "Value": "175",
            "SortNo": 2
        }
    ],
    "BrandName": "Beta",
    "BrandNo": "10013",
    "Documents": [],
    "GTIN": [
        "8054809213798"
    ],
    "GenArts": [
        {
            "Description": "Poignée pour 1105, 2-50 mm",
            "StandardisedArticleDescription": "Poignée pour 1105, 2-50 mm",
            "GenArtNo": -10013
        }
    ],
    "HasPartList": false,
    "HasTextInfo": false,
    "LogoBrand": [
        {
            "Name": "11.jpg",
            "Extension": "JPG",
            "Path": "/img/10013/11.jpg"
        }
    ],
    "Pictures": [
        {
            "Name": "1105T50.jpg",
            "Extension": "JPG",
            "Path": "/img/10013/1105T50.jpg",
            "SortNo": 1
        }
    ],
    "Replaced_by": [],
    "Replaces": [],
    "Status": "",
    "TradeNo": [
        "011050207"
    ],
    "URL": []
}