{
    "ArtNo": "1105/C10T",
    "Attributs": [
        {
            "Attribute": "Description",
            "Value": "Assortiment de 10 emporte-pièces, 3-20 mm, et 1 accessoire",
            "SortNo": 1
        }
    ],
    "BrandName": "Beta",
    "BrandNo": "10013",
    "Documents": [],
    "GTIN": [
        "8054809150017"
    ],
    "GenArts": [
        {
            "Description": "Assortiment de 10 emporte-pièces, 3-20 mm, et 1 accessoire",
            "StandardisedArticleDescription": "Assortiment de 10 emporte-pièces, 3-20 mm, et 1 accessoire",
            "GenArtNo": -10013
        }
    ],
    "HasPartList": false,
    "HasTextInfo": false,
    "LogoBrand": [
        {
            "Name": "11.jpg",
            "Extension": "JPG",
            "Path": "/img/10013/11.jpg"
        }
    ],
    "Pictures": [
        {
            "Name": "1105_slash_C10T.jpg",
            "Extension": "JPG",
            "Path": "/img/10013/1105_slash_C10T.jpg",
            "SortNo": 1
        }
    ],
    "Replaced_by": [],
    "Replaces": [],
    "Status": "",
    "TradeNo": [
        "011050250"
    ],
    "URL": []
}