{
    "ArtNo": "110BA",
    "Attributs": [
        {
            "Attribute": "Description",
            "Value": "Clé à molette à ouverture graduée antidéflagrante",
            "SortNo": 1
        },
        {
            "Attribute": "",
            "Value": "600",
            "SortNo": 2
        },
        {
            "Attribute": "",
            "Value": "65",
            "SortNo": 3
        },
        {
            "Attribute": "",
            "Value": "155",
            "SortNo": 4
        },
        {
            "Attribute": "",
            "Value": "36,0",
            "SortNo": 5
        },
        {
            "Attribute": "",
            "Value": "4705",
            "SortNo": 6
        }
    ],
    "BrandName": "Beta",
    "BrandNo": "10013",
    "Documents": [],
    "GTIN": [
        "8014230792774"
    ],
    "GenArts": [
        {
            "Description": "Clé à molette à ouverture graduée antidéflagrante",
            "StandardisedArticleDescription": "Clé à molette à ouverture graduée antidéflagrante",
            "GenArtNo": -10013
        }
    ],
    "HasPartList": false,
    "HasTextInfo": false,
    "LogoBrand": [
        {
            "Name": "12.jpg",
            "Extension": "JPG",
            "Path": "/img/10013/12.jpg"
        }
    ],
    "Pictures": [
        {
            "Name": "110BA.jpg",
            "Extension": "JPG",
            "Path": "/img/10013/110BA.jpg",
            "SortNo": 1
        }
    ],
    "Replaced_by": [],
    "Replaces": [],
    "Status": "",
    "TradeNo": [
        "001100860"
    ],
    "URL": []
}