{
    "ArtNo": "110MQ",
    "Attributs": [
        {
            "Attribute": "Description",
            "Value": "Clé à molette à ouverture graduée",
            "SortNo": 1
        },
        {
            "Attribute": "",
            "Value": "300",
            "SortNo": 2
        },
        {
            "Attribute": "",
            "Value": "30",
            "SortNo": 3
        }
    ],
    "BrandName": "Beta",
    "BrandNo": "10013",
    "Documents": [],
    "GTIN": [
        "8014230954080"
    ],
    "GenArts": [
        {
            "Description": "Clé à molette à ouverture graduée",
            "StandardisedArticleDescription": "Clé à molette à ouverture graduée",
            "GenArtNo": -10013
        }
    ],
    "HasPartList": false,
    "HasTextInfo": false,
    "LogoBrand": [
        {
            "Name": "15.jpg",
            "Extension": "JPG",
            "Path": "/img/10013/15.jpg"
        }
    ],
    "Pictures": [
        {
            "Name": "110MQ.jpg",
            "Extension": "JPG",
            "Path": "/img/10013/110MQ.jpg",
            "SortNo": 1
        }
    ],
    "Replaced_by": [],
    "Replaces": [],
    "Status": "",
    "TradeNo": [
        "001100530"
    ],
    "URL": []
}