{
    "ArtNo": "11107",
    "Attributs": [
        {
            "Attribute": "Description",
            "Value": "Meule forme trapézoïdale sur tige au corindon rose avec liant céramique",
            "SortNo": 1
        },
        {
            "Attribute": "Ø \nmm",
            "Value": "25",
            "SortNo": 2
        },
        {
            "Attribute": "h \nmm",
            "Value": "40",
            "SortNo": 3
        },
        {
            "Attribute": "max. rpm\nLo=13 mm",
            "Value": "23.300",
            "SortNo": 4
        },
        {
            "Attribute": "",
            "Value": "AR36/46P5V",
            "SortNo": 5
        }
    ],
    "BrandName": "BetaABRASIVES",
    "BrandNo": "10013",
    "Documents": [],
    "GTIN": [
        "8014230944814"
    ],
    "GenArts": [
        {
            "Description": "Meule forme trapézoïdale sur tige au corindon rose avec liant céramique",
            "StandardisedArticleDescription": "Meule forme trapézoïdale sur tige au corindon rose avec liant céramique",
            "GenArtNo": -10013
        }
    ],
    "HasPartList": false,
    "HasTextInfo": false,
    "LogoBrand": [
        {
            "Name": "26.jpg",
            "Extension": "JPG",
            "Path": "/img/10013/26.jpg"
        }
    ],
    "Pictures": [
        {
            "Name": "11107.jpg",
            "Extension": "JPG",
            "Path": "/img/10013/11107.jpg",
            "SortNo": 1
        }
    ],
    "Replaced_by": [],
    "Replaces": [],
    "Status": "",
    "TradeNo": [
        "111070025"
    ],
    "URL": []
}