{
    "ArtNo": "11111",
    "Attributs": [
        {
            "Attribute": "Description",
            "Value": "Meule forme conique bout arrondi sur tige au corindon rose avec liant céramique",
            "SortNo": 1
        },
        {
            "Attribute": "Ø \nmm",
            "Value": "30",
            "SortNo": 2
        },
        {
            "Attribute": "h \nmm",
            "Value": "50",
            "SortNo": 3
        },
        {
            "Attribute": "max. rpm\nLo=13 mm",
            "Value": "15.100",
            "SortNo": 4
        },
        {
            "Attribute": "",
            "Value": "AR36/46P5V",
            "SortNo": 5
        }
    ],
    "BrandName": "BetaABRASIVES",
    "BrandNo": "10013",
    "Documents": [],
    "GTIN": [
        "8014230944890"
    ],
    "GenArts": [
        {
            "Description": "Meule forme conique bout arrondi sur tige au corindon rose avec liant céramique",
            "StandardisedArticleDescription": "Meule forme conique bout arrondi sur tige au corindon rose avec liant céramique",
            "GenArtNo": -10013
        }
    ],
    "HasPartList": false,
    "HasTextInfo": false,
    "LogoBrand": [
        {
            "Name": "26.jpg",
            "Extension": "JPG",
            "Path": "/img/10013/26.jpg"
        }
    ],
    "Pictures": [
        {
            "Name": "11111.jpg",
            "Extension": "JPG",
            "Path": "/img/10013/11111.jpg",
            "SortNo": 1
        }
    ],
    "Replaced_by": [],
    "Replaces": [],
    "Status": "",
    "TradeNo": [
        "111110030"
    ],
    "URL": []
}