{
    "ArtNo": "1118",
    "Attributs": [
        {
            "Attribute": "Description",
            "Value": "Cisaille anti-accidents pour feuillard ",
            "SortNo": 1
        },
        {
            "Attribute": "L \n~",
            "Value": "310",
            "SortNo": 2
        },
        {
            "Attribute": "L1 \nmm",
            "Value": "42",
            "SortNo": 3
        },
        {
            "Attribute": "Fe \nS mm",
            "Value": "1",
            "SortNo": 4
        },
        {
            "Attribute": "Inox \nS mm",
            "Value": "0,8",
            "SortNo": 5
        }
    ],
    "BrandName": "Beta",
    "BrandNo": "10013",
    "Documents": [],
    "GTIN": [
        "8014230618708"
    ],
    "GenArts": [
        {
            "Description": "Cisaille anti-accidents pour feuillard ",
            "StandardisedArticleDescription": "Cisaille anti-accidents pour feuillard ",
            "GenArtNo": -10013
        }
    ],
    "HasPartList": false,
    "HasTextInfo": false,
    "LogoBrand": [
        {
            "Name": "11.jpg",
            "Extension": "JPG",
            "Path": "/img/10013/11.jpg"
        }
    ],
    "Pictures": [
        {
            "Name": "1118.jpg",
            "Extension": "JPG",
            "Path": "/img/10013/1118.jpg",
            "SortNo": 1
        }
    ],
    "Replaced_by": [],
    "Replaces": [],
    "Status": "",
    "TradeNo": [
        "011180001"
    ],
    "URL": []
}