{
    "ArtNo": "111CM",
    "Attributs": [
        {
            "Attribute": "Description",
            "Value": "Clé à molette courte à ouverture majorée, chromée",
            "SortNo": 1
        },
        {
            "Attribute": "",
            "Value": "170",
            "SortNo": 2
        },
        {
            "Attribute": "",
            "Value": "6",
            "SortNo": 3
        },
        {
            "Attribute": "",
            "Value": "32",
            "SortNo": 4
        }
    ],
    "BrandName": "Beta",
    "BrandNo": "10013",
    "Documents": [],
    "GTIN": [
        "8054809370804"
    ],
    "GenArts": [
        {
            "Description": "Clé à molette courte à ouverture majorée, chromée",
            "StandardisedArticleDescription": "Clé à molette courte à ouverture majorée, chromée",
            "GenArtNo": -10013
        }
    ],
    "HasPartList": false,
    "HasTextInfo": false,
    "LogoBrand": [
        {
            "Name": "02.jpg",
            "Extension": "JPG",
            "Path": "/img/10013/02.jpg"
        }
    ],
    "Pictures": [
        {
            "Name": "111CM.jpg",
            "Extension": "JPG",
            "Path": "/img/10013/111CM.jpg",
            "SortNo": 1
        }
    ],
    "Replaced_by": [],
    "Replaces": [],
    "Status": "",
    "TradeNo": [
        "001110770"
    ],
    "URL": []
}