{
    "ArtNo": "111E",
    "Attributs": [
        {
            "Attribute": "Description",
            "Value": "Clé à molette à ouverture graduée, chromée",
            "SortNo": 1
        },
        {
            "Attribute": "L\nmm",
            "Value": "600",
            "SortNo": 2
        },
        {
            "Attribute": "L\n\"",
            "Value": "24",
            "SortNo": 3
        },
        {
            "Attribute": "A max\nmm",
            "Value": "62",
            "SortNo": 4
        }
    ],
    "BrandName": "Beta",
    "BrandNo": "10013",
    "Documents": [],
    "GTIN": [
        "8054809370729"
    ],
    "GenArts": [
        {
            "Description": "Clé à molette à ouverture graduée, chromée",
            "StandardisedArticleDescription": "Clé à molette à ouverture graduée, chromée",
            "GenArtNo": -10013
        }
    ],
    "HasPartList": false,
    "HasTextInfo": false,
    "LogoBrand": [
        {
            "Name": "02.jpg",
            "Extension": "JPG",
            "Path": "/img/10013/02.jpg"
        }
    ],
    "Pictures": [
        {
            "Name": "111E.jpg",
            "Extension": "JPG",
            "Path": "/img/10013/111E.jpg",
            "SortNo": 1
        }
    ],
    "Replaced_by": [],
    "Replaces": [],
    "Status": "",
    "TradeNo": [
        "001110160"
    ],
    "URL": []
}