{
    "ArtNo": "111E-HS",
    "Attributs": [
        {
            "Attribute": "Description",
            "Value": "Clé à molette à ouverture graduée, chromée H-SAFE",
            "SortNo": 1
        },
        {
            "Attribute": "",
            "Value": "450",
            "SortNo": 2
        },
        {
            "Attribute": "",
            "Value": "18",
            "SortNo": 3
        },
        {
            "Attribute": "",
            "Value": "54",
            "SortNo": 4
        }
    ],
    "BrandName": "Beta H-SAFE",
    "BrandNo": "10013",
    "Documents": [],
    "GTIN": [
        "8054809433226"
    ],
    "GenArts": [
        {
            "Description": "Clé à molette à ouverture graduée, chromée H-SAFE",
            "StandardisedArticleDescription": "Clé à molette à ouverture graduée, chromée H-SAFE",
            "GenArtNo": -10013
        }
    ],
    "HasPartList": false,
    "HasTextInfo": false,
    "LogoBrand": [
        {
            "Name": "12HS.jpg",
            "Extension": "JPG",
            "Path": "/img/10013/12HS.jpg"
        }
    ],
    "Pictures": [
        {
            "Name": "111E-HS.jpg",
            "Extension": "JPG",
            "Path": "/img/10013/111E-HS.jpg",
            "SortNo": 1
        }
    ],
    "Replaced_by": [],
    "Replaces": [],
    "Status": "",
    "TradeNo": [
        "001114145"
    ],
    "URL": []
}