{
    "ArtNo": "111ER",
    "Attributs": [
        {
            "Attribute": "Description",
            "Value": "Clé à molette à ouverture graduée et à mâchoire réversible, chromée",
            "SortNo": 1
        },
        {
            "Attribute": "",
            "Value": "300",
            "SortNo": 2
        },
        {
            "Attribute": "",
            "Value": "12",
            "SortNo": 3
        },
        {
            "Attribute": "A max\nmm",
            "Value": "40",
            "SortNo": 4
        },
        {
            "Attribute": "Ø max\n\"",
            "Value": "1.1/4",
            "SortNo": 5
        }
    ],
    "BrandName": "Beta",
    "BrandNo": "10013",
    "Documents": [],
    "GTIN": [
        "8054809405629"
    ],
    "GenArts": [
        {
            "Description": "Clé à molette à ouverture graduée et à mâchoire réversible, chromée",
            "StandardisedArticleDescription": "Clé à molette à ouverture graduée et à mâchoire réversible, chromée",
            "GenArtNo": -10013
        }
    ],
    "HasPartList": false,
    "HasTextInfo": false,
    "LogoBrand": [
        {
            "Name": "02.jpg",
            "Extension": "JPG",
            "Path": "/img/10013/02.jpg"
        }
    ],
    "Pictures": [
        {
            "Name": "111ER.jpg",
            "Extension": "JPG",
            "Path": "/img/10013/111ER.jpg",
            "SortNo": 1
        }
    ],
    "Replaced_by": [],
    "Replaces": [],
    "Status": "",
    "TradeNo": [
        "001110530"
    ],
    "URL": []
}