{
    "ArtNo": "111INOX",
    "Attributs": [
        {
            "Attribute": "Description",
            "Value": "Clé à molette, en acier inoxydable",
            "SortNo": 1
        },
        {
            "Attribute": "L\nmm",
            "Value": "250",
            "SortNo": 2
        },
        {
            "Attribute": "L\n\"",
            "Value": "10",
            "SortNo": 3
        },
        {
            "Attribute": "A max\nmm",
            "Value": "30",
            "SortNo": 4
        },
        {
            "Attribute": "A1\nmm",
            "Value": "70",
            "SortNo": 5
        }
    ],
    "BrandName": "BetaINOX",
    "BrandNo": "10013",
    "Documents": [],
    "GTIN": [
        "8014230867106"
    ],
    "GenArts": [
        {
            "Description": "Clé à molette, en acier inoxydable",
            "StandardisedArticleDescription": "Clé à molette, en acier inoxydable",
            "GenArtNo": -10013
        }
    ],
    "HasPartList": false,
    "HasTextInfo": false,
    "LogoBrand": [
        {
            "Name": "11_inox.jpg",
            "Extension": "JPG",
            "Path": "/img/10013/11_inox.jpg"
        }
    ],
    "Pictures": [
        {
            "Name": "111INOX.jpg",
            "Extension": "JPG",
            "Path": "/img/10013/111INOX.jpg",
            "SortNo": 1
        }
    ],
    "Replaced_by": [],
    "Replaces": [],
    "Status": "",
    "TradeNo": [
        "001110325"
    ],
    "URL": []
}