{
    "ArtNo": "11202A",
    "Attributs": [
        {
            "Attribute": "Description",
            "Value": "Disque à lamelles plat Zirconium avec support plastique. Gamme Premium avec double lamelles pour enlévement plus agressif et longue durée de vie",
            "SortNo": 1
        },
        {
            "Attribute": "Ø\nmm",
            "Value": "115",
            "SortNo": 2
        },
        {
            "Attribute": "P",
            "Value": "120",
            "SortNo": 3
        },
        {
            "Attribute": "F\nmm",
            "Value": "22,23",
            "SortNo": 4
        }
    ],
    "BrandName": "BetaABRASIVES",
    "BrandNo": "10013",
    "Documents": [],
    "GTIN": [
        "8014230945491"
    ],
    "GenArts": [
        {
            "Description": "Disque à lamelles plat Zirconium avec support plastique. Gamme Premium avec double lamelles pour enlévement plus agressif et longue durée de vie",
            "StandardisedArticleDescription": "Disque à lamelles plat Zirconium avec support plastique. Gamme Premium avec double lamelles pour enlévement plus agressif et longue durée de vie",
            "GenArtNo": -10013
        }
    ],
    "HasPartList": false,
    "HasTextInfo": false,
    "LogoBrand": [
        {
            "Name": "26.jpg",
            "Extension": "JPG",
            "Path": "/img/10013/26.jpg"
        }
    ],
    "Pictures": [
        {
            "Name": "11202A.jpg",
            "Extension": "JPG",
            "Path": "/img/10013/11202A.jpg",
            "SortNo": 1
        }
    ],
    "Replaced_by": [],
    "Replaces": [],
    "Status": "",
    "TradeNo": [
        "112020012"
    ],
    "URL": []
}