{
    "ArtNo": "11216B",
    "Attributs": [
        {
            "Attribute": "Description",
            "Value": "Disque à lamelles plat Zirconium avec support fibre de verre. Gamme TOP LINE avec simple lamelle pour un enlèvement de matière maximum et très longue durée de vie",
            "SortNo": 1
        },
        {
            "Attribute": "Ø\nmm",
            "Value": "125",
            "SortNo": 2
        },
        {
            "Attribute": "P",
            "Value": "80",
            "SortNo": 3
        },
        {
            "Attribute": "F\nmm",
            "Value": "22,23",
            "SortNo": 4
        }
    ],
    "BrandName": "BetaABRASIVES",
    "BrandNo": "10013",
    "Documents": [],
    "GTIN": [
        "8014230945996"
    ],
    "GenArts": [
        {
            "Description": "Disque à lamelles plat Zirconium avec support fibre de verre. Gamme TOP LINE avec simple lamelle pour un enlèvement de matière maximum et très longue durée de vie",
            "StandardisedArticleDescription": "Disque à lamelles plat Zirconium avec support fibre de verre. Gamme TOP LINE avec simple lamelle pour un enlèvement de matière maximum et très longue durée de vie",
            "GenArtNo": -10013
        }
    ],
    "HasPartList": false,
    "HasTextInfo": false,
    "LogoBrand": [
        {
            "Name": "26.jpg",
            "Extension": "JPG",
            "Path": "/img/10013/26.jpg"
        }
    ],
    "Pictures": [
        {
            "Name": "11216B.jpg",
            "Extension": "JPG",
            "Path": "/img/10013/11216B.jpg",
            "SortNo": 1
        }
    ],
    "Replaced_by": [],
    "Replaces": [],
    "Status": "",
    "TradeNo": [
        "112160108"
    ],
    "URL": []
}