{
    "ArtNo": "1122L",
    "Attributs": [
        {
            "Attribute": "Description",
            "Value": "Cisailles à lame longue pour coupes droites",
            "SortNo": 1
        },
        {
            "Attribute": "L ~ ",
            "Value": "288",
            "SortNo": 2
        },
        {
            "Attribute": "L1",
            "Value": "98",
            "SortNo": 3
        },
        {
            "Attribute": "Inox \nS mm",
            "Value": "1",
            "SortNo": 4
        },
        {
            "Attribute": "A \nmm",
            "Value": "",
            "SortNo": 5
        },
        {
            "Attribute": "B \nmm",
            "Value": "",
            "SortNo": 6
        }
    ],
    "BrandName": "Beta",
    "BrandNo": "10013",
    "Documents": [],
    "GTIN": [
        "8054809555676"
    ],
    "GenArts": [
        {
            "Description": "Cisailles à lame longue pour coupes droites",
            "StandardisedArticleDescription": "Cisailles à lame longue pour coupes droites",
            "GenArtNo": -10013
        }
    ],
    "HasPartList": false,
    "HasTextInfo": false,
    "LogoBrand": [
        {
            "Name": "11.jpg",
            "Extension": "JPG",
            "Path": "/img/10013/11.jpg"
        }
    ],
    "Pictures": [
        {
            "Name": "1122L.jpg",
            "Extension": "JPG",
            "Path": "/img/10013/1122L.jpg",
            "SortNo": 1
        }
    ],
    "Replaced_by": [],
    "Replaces": [],
    "Status": "",
    "TradeNo": [
        "011220035"
    ],
    "URL": []
}