{
    "ArtNo": "1123MOL",
    "Attributs": [
        {
            "Attribute": "Description",
            "Value": "Ressort pour 1125/1126",
            "SortNo": 1
        },
        {
            "Attribute": "",
            "Value": "1123",
            "SortNo": 2
        }
    ],
    "BrandName": "Beta",
    "BrandNo": "10013",
    "Documents": [],
    "GTIN": [
        "8014230008264"
    ],
    "GenArts": [
        {
            "Description": "Ressort pour 1125/1126",
            "StandardisedArticleDescription": "Ressort pour 1125/1126",
            "GenArtNo": -10013
        }
    ],
    "HasPartList": false,
    "HasTextInfo": false,
    "LogoBrand": [
        {
            "Name": "11.jpg",
            "Extension": "JPG",
            "Path": "/img/10013/11.jpg"
        }
    ],
    "Pictures": [
        {
            "Name": "1123MOL.jpg",
            "Extension": "JPG",
            "Path": "/img/10013/1123MOL.jpg",
            "SortNo": 1
        }
    ],
    "Replaced_by": [],
    "Replaces": [],
    "Status": "",
    "TradeNo": [
        "011230010"
    ],
    "URL": []
}