{
    "ArtNo": "1127",
    "Attributs": [
        {
            "Attribute": "Description",
            "Value": "Ciseaux de téléphoniste, lames droites",
            "SortNo": 1
        },
        {
            "Attribute": "L \nmm",
            "Value": "150",
            "SortNo": 2
        },
        {
            "Attribute": "L1 \nmm",
            "Value": "35",
            "SortNo": 3
        },
        {
            "Attribute": "A \nmm",
            "Value": "21",
            "SortNo": 4
        },
        {
            "Attribute": "B \nmm",
            "Value": "8,5",
            "SortNo": 5
        }
    ],
    "BrandName": "Beta",
    "BrandNo": "10013",
    "Documents": [],
    "GTIN": [
        "8014230040424"
    ],
    "GenArts": [
        {
            "Description": "Ciseaux de téléphoniste, lames droites",
            "StandardisedArticleDescription": "Ciseaux de téléphoniste, lames droites",
            "GenArtNo": -10013
        }
    ],
    "HasPartList": false,
    "HasTextInfo": false,
    "LogoBrand": [
        {
            "Name": "15.jpg",
            "Extension": "JPG",
            "Path": "/img/10013/15.jpg"
        }
    ],
    "Pictures": [
        {
            "Name": "1127.jpg",
            "Extension": "JPG",
            "Path": "/img/10013/1127.jpg",
            "SortNo": 1
        }
    ],
    "Replaced_by": [],
    "Replaces": [],
    "Status": "",
    "TradeNo": [
        "011270001"
    ],
    "URL": []
}