{
    "ArtNo": "1128MQ",
    "Attributs": [
        {
            "Attribute": "Description",
            "Value": "Ciseaux d'électriciens lames en acier inoxydable avec micro-denture",
            "SortNo": 1
        },
        {
            "Attribute": "L",
            "Value": "145",
            "SortNo": 2
        },
        {
            "Attribute": "L1",
            "Value": "45",
            "SortNo": 3
        }
    ],
    "BrandName": "Beta",
    "BrandNo": "10013",
    "Documents": [],
    "GTIN": [
        "8014230760438"
    ],
    "GenArts": [
        {
            "Description": "Ciseaux d'électriciens lames en acier inoxydable avec micro-denture",
            "StandardisedArticleDescription": "Ciseaux d'électriciens lames en acier inoxydable avec micro-denture",
            "GenArtNo": -10013
        }
    ],
    "HasPartList": false,
    "HasTextInfo": false,
    "LogoBrand": [
        {
            "Name": "15.jpg",
            "Extension": "JPG",
            "Path": "/img/10013/15.jpg"
        }
    ],
    "Pictures": [
        {
            "Name": "1128MQ.jpg",
            "Extension": "JPG",
            "Path": "/img/10013/1128MQ.jpg",
            "SortNo": 1
        }
    ],
    "Replaced_by": [],
    "Replaces": [],
    "Status": "",
    "TradeNo": [
        "011280101"
    ],
    "URL": []
}