{
    "ArtNo": "1128BSX",
    "Attributs": [
        {
            "Attribute": "Description",
            "Value": "Ciseaux d'électricien avec profils à fraise graduée avec étui",
            "SortNo": 1
        },
        {
            "Attribute": "",
            "Value": "148",
            "SortNo": 2
        },
        {
            "Attribute": "",
            "Value": "58,2",
            "SortNo": 3
        },
        {
            "Attribute": "",
            "Value": "24",
            "SortNo": 4
        },
        {
            "Attribute": "",
            "Value": "10",
            "SortNo": 5
        }
    ],
    "BrandName": "Beta",
    "BrandNo": "10013",
    "Documents": [],
    "GTIN": [
        "8014230935737"
    ],
    "GenArts": [
        {
            "Description": "Ciseaux d'électricien avec profils à fraise graduée avec étui",
            "StandardisedArticleDescription": "Ciseaux d'électricien avec profils à fraise graduée avec étui",
            "GenArtNo": -10013
        }
    ],
    "HasPartList": false,
    "HasTextInfo": false,
    "LogoBrand": [
        {
            "Name": "15.jpg",
            "Extension": "JPG",
            "Path": "/img/10013/15.jpg"
        }
    ],
    "Pictures": [
        {
            "Name": "1128BSX.jpg",
            "Extension": "JPG",
            "Path": "/img/10013/1128BSX.jpg",
            "SortNo": 1
        }
    ],
    "Replaced_by": [],
    "Replaces": [],
    "Status": "",
    "TradeNo": [
        "011280061"
    ],
    "URL": []
}