{
    "ArtNo": "1128BAX",
    "Attributs": [
        {
            "Attribute": "Description",
            "Value": "Ciseaux d'électriciens à double effet, avec profils à foret en acier inoxydable revêtu en DLC",
            "SortNo": 1
        },
        {
            "Attribute": "L \nmm",
            "Value": "150",
            "SortNo": 2
        },
        {
            "Attribute": "L1 \nmm",
            "Value": "50",
            "SortNo": 3
        },
        {
            "Attribute": " \nmm²",
            "Value": "50",
            "SortNo": 4
        }
    ],
    "BrandName": "Beta",
    "BrandNo": "10013",
    "Documents": [],
    "GTIN": [
        "8014230783949"
    ],
    "GenArts": [
        {
            "Description": "Ciseaux d'électriciens à double effet, avec profils à foret en acier inoxydable revêtu en DLC",
            "StandardisedArticleDescription": "Ciseaux d'électriciens à double effet, avec profils à foret en acier inoxydable revêtu en DLC",
            "GenArtNo": -10013
        }
    ],
    "HasPartList": false,
    "HasTextInfo": false,
    "LogoBrand": [
        {
            "Name": "15.jpg",
            "Extension": "JPG",
            "Path": "/img/10013/15.jpg"
        }
    ],
    "Pictures": [
        {
            "Name": "1128BAX.jpg",
            "Extension": "JPG",
            "Path": "/img/10013/1128BAX.jpg",
            "SortNo": 1
        }
    ],
    "Replaced_by": [],
    "Replaces": [],
    "Status": "",
    "TradeNo": [
        "011280088"
    ],
    "URL": []
}