{
    "ArtNo": "1128BMX/F",
    "Attributs": [
        {
            "Attribute": "Description",
            "Value": "Étui plastique articulé pour 1128BMX",
            "SortNo": 1
        },
        {
            "Attribute": "L\nmm",
            "Value": "",
            "SortNo": 2
        }
    ],
    "BrandName": "Beta",
    "BrandNo": "10013",
    "Documents": [],
    "GTIN": [
        "8014230956350"
    ],
    "GenArts": [
        {
            "Description": "Étui plastique articulé pour 1128BMX",
            "StandardisedArticleDescription": "Étui plastique articulé pour 1128BMX",
            "GenArtNo": -10013
        }
    ],
    "HasPartList": false,
    "HasTextInfo": false,
    "LogoBrand": [
        {
            "Name": "15.jpg",
            "Extension": "JPG",
            "Path": "/img/10013/15.jpg"
        }
    ],
    "Pictures": [
        {
            "Name": "1128BMX_slash_F.jpg",
            "Extension": "JPG",
            "Path": "/img/10013/1128BMX_slash_F.jpg",
            "SortNo": 1
        }
    ],
    "Replaced_by": [],
    "Replaces": [],
    "Status": "",
    "TradeNo": [
        "011280059"
    ],
    "URL": []
}