{
    "ArtNo": "1128BM",
    "Attributs": [
        {
            "Attribute": "Description",
            "Value": "Ciseaux d’électricien, lames droites",
            "SortNo": 1
        },
        {
            "Attribute": "L \nmm",
            "Value": "145",
            "SortNo": 2
        },
        {
            "Attribute": "L1 \nmm",
            "Value": "50",
            "SortNo": 3
        },
        {
            "Attribute": "A \nmm",
            "Value": "17",
            "SortNo": 4
        },
        {
            "Attribute": "B \nmm",
            "Value": "9",
            "SortNo": 5
        }
    ],
    "BrandName": "Beta",
    "BrandNo": "10013",
    "Documents": [],
    "GTIN": [
        "8014230425580"
    ],
    "GenArts": [
        {
            "Description": "Ciseaux d’électricien, lames droites",
            "StandardisedArticleDescription": "Ciseaux d’électricien, lames droites",
            "GenArtNo": -10013
        }
    ],
    "HasPartList": false,
    "HasTextInfo": false,
    "LogoBrand": [
        {
            "Name": "15.jpg",
            "Extension": "JPG",
            "Path": "/img/10013/15.jpg"
        }
    ],
    "Pictures": [
        {
            "Name": "1128BM.jpg",
            "Extension": "JPG",
            "Path": "/img/10013/1128BM.jpg",
            "SortNo": 1
        }
    ],
    "Replaced_by": [],
    "Replaces": [],
    "Status": "",
    "TradeNo": [
        "011280000"
    ],
    "URL": []
}