{
    "ArtNo": "1128FX",
    "Attributs": [
        {
            "Attribute": "Description",
            "Value": "Ciseaux d’électricien lames droites en acier inoxydable avec micro-denture, gorge coupe-câble et pince à sertir pour cosses tubulaires",
            "SortNo": 1
        },
        {
            "Attribute": "L\nmm",
            "Value": "145",
            "SortNo": 2
        },
        {
            "Attribute": "L1\nmm",
            "Value": "52",
            "SortNo": 3
        },
        {
            "Attribute": "A\nmm\n",
            "Value": "22",
            "SortNo": 4
        },
        {
            "Attribute": "B\nmm",
            "Value": "17",
            "SortNo": 5
        },
        {
            "Attribute": "\nmm²",
            "Value": "50",
            "SortNo": 6
        }
    ],
    "BrandName": "Beta",
    "BrandNo": "10013",
    "Documents": [],
    "GTIN": [
        "8014230935744"
    ],
    "GenArts": [
        {
            "Description": "Ciseaux d’électricien lames droites en acier inoxydable avec micro-denture, gorge coupe-câble et pince à sertir pour cosses tubulaires",
            "StandardisedArticleDescription": "Ciseaux d’électricien lames droites en acier inoxydable avec micro-denture, gorge coupe-câble et pince à sertir pour cosses tubulaires",
            "GenArtNo": -10013
        }
    ],
    "HasPartList": false,
    "HasTextInfo": false,
    "LogoBrand": [
        {
            "Name": "15.jpg",
            "Extension": "JPG",
            "Path": "/img/10013/15.jpg"
        }
    ],
    "Pictures": [
        {
            "Name": "1128FX.jpg",
            "Extension": "JPG",
            "Path": "/img/10013/1128FX.jpg",
            "SortNo": 1
        }
    ],
    "Replaced_by": [],
    "Replaces": [],
    "Status": "",
    "TradeNo": [
        "011280090"
    ],
    "URL": []
}