{
    "ArtNo": "1131CK",
    "Attributs": [
        {
            "Attribute": "Description",
            "Value": "Ciseaux pour Kevlar® et fibres optiques",
            "SortNo": 1
        },
        {
            "Attribute": "L \nmm",
            "Value": "203",
            "SortNo": 2
        },
        {
            "Attribute": "L1 \nmm",
            "Value": "75",
            "SortNo": 3
        }
    ],
    "BrandName": "Beta",
    "BrandNo": "10013",
    "Documents": [],
    "GTIN": [
        "8014230591353"
    ],
    "GenArts": [
        {
            "Description": "Ciseaux pour Kevlar® et fibres optiques",
            "StandardisedArticleDescription": "Ciseaux pour Kevlar® et fibres optiques",
            "GenArtNo": -10013
        }
    ],
    "HasPartList": false,
    "HasTextInfo": false,
    "LogoBrand": [
        {
            "Name": "11.jpg",
            "Extension": "JPG",
            "Path": "/img/10013/11.jpg"
        }
    ],
    "Pictures": [
        {
            "Name": "1131CK.jpg",
            "Extension": "JPG",
            "Path": "/img/10013/1131CK.jpg",
            "SortNo": 1
        }
    ],
    "Replaced_by": [],
    "Replaces": [],
    "Status": "",
    "TradeNo": [
        "011310001"
    ],
    "URL": []
}