{
    "ArtNo": "1133",
    "Attributs": [
        {
            "Attribute": "Description",
            "Value": "Coupe-câbles pour câbles en cuivre flexible ",
            "SortNo": 1
        },
        {
            "Attribute": "L \nmm",
            "Value": "600",
            "SortNo": 2
        },
        {
            "Attribute": " \nmm",
            "Value": "30",
            "SortNo": 3
        },
        {
            "Attribute": "\nmm²",
            "Value": "325",
            "SortNo": 4
        }
    ],
    "BrandName": "Beta",
    "BrandNo": "10013",
    "Documents": [],
    "GTIN": [
        "8014230580999"
    ],
    "GenArts": [
        {
            "Description": "Coupe-câbles pour câbles en cuivre flexible ",
            "StandardisedArticleDescription": "Coupe-câbles pour câbles en cuivre flexible ",
            "GenArtNo": -10013
        }
    ],
    "HasPartList": false,
    "HasTextInfo": false,
    "LogoBrand": [
        {
            "Name": "15.jpg",
            "Extension": "JPG",
            "Path": "/img/10013/15.jpg"
        }
    ],
    "Pictures": [
        {
            "Name": "1133.jpg",
            "Extension": "JPG",
            "Path": "/img/10013/1133.jpg",
            "SortNo": 1
        }
    ],
    "Replaced_by": [],
    "Replaces": [],
    "Status": "",
    "TradeNo": [
        "011330001"
    ],
    "URL": []
}