{
    "ArtNo": "1135",
    "Attributs": [
        {
            "Attribute": "Description",
            "Value": "Coupe-câble pour câbles en acier",
            "SortNo": 1
        },
        {
            "Attribute": "L \nmm",
            "Value": "190",
            "SortNo": 2
        }
    ],
    "BrandName": "Beta",
    "BrandNo": "10013",
    "Documents": [],
    "GTIN": [
        "8054809643106"
    ],
    "GenArts": [
        {
            "Description": "Coupe-câble pour câbles en acier",
            "StandardisedArticleDescription": "Coupe-câble pour câbles en acier",
            "GenArtNo": -10013
        }
    ],
    "HasPartList": false,
    "HasTextInfo": false,
    "LogoBrand": [
        {
            "Name": "15.jpg",
            "Extension": "JPG",
            "Path": "/img/10013/15.jpg"
        }
    ],
    "Pictures": [
        {
            "Name": "1135.jpg",
            "Extension": "JPG",
            "Path": "/img/10013/1135.jpg",
            "SortNo": 1
        }
    ],
    "Replaced_by": [],
    "Replaces": [],
    "Status": "",
    "TradeNo": [
        "011350001"
    ],
    "URL": []
}