{
    "ArtNo": "1137BA",
    "Attributs": [
        {
            "Attribute": "Description",
            "Value": "Pince d'artificier",
            "SortNo": 1
        },
        {
            "Attribute": "L \nmm",
            "Value": "185",
            "SortNo": 2
        },
        {
            "Attribute": "L1\nmm",
            "Value": "30",
            "SortNo": 3
        },
        {
            "Attribute": "A\nmm",
            "Value": "32",
            "SortNo": 4
        },
        {
            "Attribute": "A1\nmm",
            "Value": "6",
            "SortNo": 5
        },
        {
            "Attribute": "S\nmm",
            "Value": "11,5",
            "SortNo": 6
        }
    ],
    "BrandName": "Beta",
    "BrandNo": "10013",
    "Documents": [],
    "GTIN": [
        "8014230683706"
    ],
    "GenArts": [
        {
            "Description": "Pince d'artificier",
            "StandardisedArticleDescription": "Pince d'artificier",
            "GenArtNo": -10013
        }
    ],
    "HasPartList": false,
    "HasTextInfo": false,
    "LogoBrand": [
        {
            "Name": "12.jpg",
            "Extension": "JPG",
            "Path": "/img/10013/12.jpg"
        }
    ],
    "Pictures": [
        {
            "Name": "1137BA.jpg",
            "Extension": "JPG",
            "Path": "/img/10013/1137BA.jpg",
            "SortNo": 1
        }
    ],
    "Replaced_by": [],
    "Replaces": [],
    "Status": "",
    "TradeNo": [
        "011370801"
    ],
    "URL": []
}