{
    "ArtNo": "1137BA/RC",
    "Attributs": [
        {
            "Attribute": "Description",
            "Value": "Lame pour 1137BA",
            "SortNo": 1
        }
    ],
    "BrandName": "Beta",
    "BrandNo": "10013",
    "Documents": [],
    "GTIN": [
        "8014230683720"
    ],
    "GenArts": [
        {
            "Description": "Lame pour 1137BA",
            "StandardisedArticleDescription": "Lame pour 1137BA",
            "GenArtNo": -10013
        }
    ],
    "HasPartList": false,
    "HasTextInfo": false,
    "LogoBrand": [
        {
            "Name": "12.jpg",
            "Extension": "JPG",
            "Path": "/img/10013/12.jpg"
        }
    ],
    "Pictures": [
        {
            "Name": "1137BA_slash_RC.jpg",
            "Extension": "JPG",
            "Path": "/img/10013/1137BA_slash_RC.jpg",
            "SortNo": 1
        }
    ],
    "Replaced_by": [],
    "Replaces": [],
    "Status": "",
    "TradeNo": [
        "011370851"
    ],
    "URL": []
}