{
    "ArtNo": "1142MQ",
    "Attributs": [
        {
            "Attribute": "Description",
            "Value": "Pince à dénuder",
            "SortNo": 1
        },
        {
            "Attribute": "L \nmm",
            "Value": "160",
            "SortNo": 2
        },
        {
            "Attribute": " \nmm²",
            "Value": "0,5÷6",
            "SortNo": 3
        },
        {
            "Attribute": "A \nmm",
            "Value": "17",
            "SortNo": 4
        },
        {
            "Attribute": "B \nmm",
            "Value": "9",
            "SortNo": 5
        },
        {
            "Attribute": "L \nmm",
            "Value": "165",
            "SortNo": 6
        }
    ],
    "BrandName": "Beta",
    "BrandNo": "10013",
    "Documents": [],
    "GTIN": [
        "8014230422329"
    ],
    "GenArts": [
        {
            "Description": "Pince à dénuder",
            "StandardisedArticleDescription": "Pince à dénuder",
            "GenArtNo": -10013
        }
    ],
    "HasPartList": false,
    "HasTextInfo": false,
    "LogoBrand": [
        {
            "Name": "15.jpg",
            "Extension": "JPG",
            "Path": "/img/10013/15.jpg"
        }
    ],
    "Pictures": [
        {
            "Name": "1142MQ.jpg",
            "Extension": "JPG",
            "Path": "/img/10013/1142MQ.jpg",
            "SortNo": 1
        }
    ],
    "Replaced_by": [],
    "Replaces": [],
    "Status": "",
    "TradeNo": [
        "011420096"
    ],
    "URL": []
}