{
    "ArtNo": "1144T",
    "Attributs": [
        {
            "Attribute": "Description",
            "Value": "Dénudeur de poche réglable, avec dispositif de coupe",
            "SortNo": 1
        },
        {
            "Attribute": "L\nmm",
            "Value": "112",
            "SortNo": 2
        },
        {
            "Attribute": "\nmm",
            "Value": "3,5 ÷ 9",
            "SortNo": 3
        },
        {
            "Attribute": "\ng",
            "Value": "40",
            "SortNo": 4
        }
    ],
    "BrandName": "Beta",
    "BrandNo": "10013",
    "Documents": [],
    "GTIN": [
        "8054809412689"
    ],
    "GenArts": [
        {
            "Description": "Dénudeur de poche réglable, avec dispositif de coupe",
            "StandardisedArticleDescription": "Dénudeur de poche réglable, avec dispositif de coupe",
            "GenArtNo": -10013
        }
    ],
    "HasPartList": false,
    "HasTextInfo": false,
    "LogoBrand": [
        {
            "Name": "15.jpg",
            "Extension": "JPG",
            "Path": "/img/10013/15.jpg"
        }
    ],
    "Pictures": [
        {
            "Name": "1144T.jpg",
            "Extension": "JPG",
            "Path": "/img/10013/1144T.jpg",
            "SortNo": 1
        }
    ],
    "Replaced_by": [],
    "Replaces": [],
    "Status": "",
    "TradeNo": [
        "011440060"
    ],
    "URL": []
}