{
    "ArtNo": "1144G",
    "Attributs": [
        {
            "Attribute": "Description",
            "Value": "Dénudeur",
            "SortNo": 1
        },
        {
            "Attribute": "L",
            "Value": "140",
            "SortNo": 2
        },
        {
            "Attribute": "",
            "Value": "6÷75",
            "SortNo": 3
        },
        {
            "Attribute": " \nmm",
            "Value": "2.8-12",
            "SortNo": 4
        }
    ],
    "BrandName": "Beta",
    "BrandNo": "10013",
    "Documents": [],
    "GTIN": [
        "8014230769585"
    ],
    "GenArts": [
        {
            "Description": "Dénudeur",
            "StandardisedArticleDescription": "Dénudeur",
            "GenArtNo": -10013
        }
    ],
    "HasPartList": false,
    "HasTextInfo": false,
    "LogoBrand": [
        {
            "Name": "15.jpg",
            "Extension": "JPG",
            "Path": "/img/10013/15.jpg"
        }
    ],
    "Pictures": [
        {
            "Name": "1144G.jpg",
            "Extension": "JPG",
            "Path": "/img/10013/1144G.jpg",
            "SortNo": 1
        }
    ],
    "Replaced_by": [],
    "Replaces": [],
    "Status": "",
    "TradeNo": [
        "011440004"
    ],
    "URL": []
}