{
    "ArtNo": "1148P",
    "Attributs": [
        {
            "Attribute": "Description",
            "Value": "Pince à dénuder automatique",
            "SortNo": 1
        },
        {
            "Attribute": "L\nmm",
            "Value": "165",
            "SortNo": 2
        },
        {
            "Attribute": "\nmm²",
            "Value": "0.2-6",
            "SortNo": 3
        },
        {
            "Attribute": "\nmm",
            "Value": "0-3.5",
            "SortNo": 4
        }
    ],
    "BrandName": "Beta",
    "BrandNo": "10013",
    "Documents": [],
    "GTIN": [
        "8054809131016"
    ],
    "GenArts": [
        {
            "Description": "Pince à dénuder automatique",
            "StandardisedArticleDescription": "Pince à dénuder automatique",
            "GenArtNo": -10013
        }
    ],
    "HasPartList": false,
    "HasTextInfo": false,
    "LogoBrand": [
        {
            "Name": "15.jpg",
            "Extension": "JPG",
            "Path": "/img/10013/15.jpg"
        }
    ],
    "Pictures": [
        {
            "Name": "1148P.jpg",
            "Extension": "JPG",
            "Path": "/img/10013/1148P.jpg",
            "SortNo": 1
        }
    ],
    "Replaced_by": [],
    "Replaces": [],
    "Status": "",
    "TradeNo": [
        "011480300"
    ],
    "URL": []
}