{
    "ArtNo": "1148A",
    "Attributs": [
        {
            "Attribute": "Description",
            "Value": "Pince à dénuder automatique",
            "SortNo": 1
        },
        {
            "Attribute": "L \nmm",
            "Value": "190",
            "SortNo": 2
        },
        {
            "Attribute": " \nmm²",
            "Value": "0,02÷10\n",
            "SortNo": 3
        },
        {
            "Attribute": "A \nmm",
            "Value": "16",
            "SortNo": 4
        },
        {
            "Attribute": " \nmm",
            "Value": "0-4",
            "SortNo": 5
        }
    ],
    "BrandName": "Beta",
    "BrandNo": "10013",
    "Documents": [],
    "GTIN": [
        "8014230363264"
    ],
    "GenArts": [
        {
            "Description": "Pince à dénuder automatique",
            "StandardisedArticleDescription": "Pince à dénuder automatique",
            "GenArtNo": -10013
        }
    ],
    "HasPartList": false,
    "HasTextInfo": false,
    "LogoBrand": [
        {
            "Name": "15.jpg",
            "Extension": "JPG",
            "Path": "/img/10013/15.jpg"
        }
    ],
    "Pictures": [
        {
            "Name": "1148A.jpg",
            "Extension": "JPG",
            "Path": "/img/10013/1148A.jpg",
            "SortNo": 1
        }
    ],
    "Replaced_by": [],
    "Replaces": [],
    "Status": "",
    "TradeNo": [
        "011480100"
    ],
    "URL": []
}