{
    "ArtNo": "1148B/R",
    "Attributs": [
        {
            "Attribute": "Description",
            "Value": "Paire de mors pour 1148B",
            "SortNo": 1
        }
    ],
    "BrandName": "Beta",
    "BrandNo": "10013",
    "Documents": [],
    "GTIN": [
        "8014230472935"
    ],
    "GenArts": [
        {
            "Description": "Paire de mors pour 1148B",
            "StandardisedArticleDescription": "Paire de mors pour 1148B",
            "GenArtNo": -10013
        }
    ],
    "HasPartList": false,
    "HasTextInfo": false,
    "LogoBrand": [
        {
            "Name": "15.jpg",
            "Extension": "JPG",
            "Path": "/img/10013/15.jpg"
        }
    ],
    "Pictures": [
        {
            "Name": "1148B_slash_R.jpg",
            "Extension": "JPG",
            "Path": "/img/10013/1148B_slash_R.jpg",
            "SortNo": 1
        }
    ],
    "Replaced_by": [],
    "Replaces": [],
    "Status": "",
    "TradeNo": [
        "011480202"
    ],
    "URL": []
}