{
    "ArtNo": "1150G",
    "Attributs": [
        {
            "Attribute": "Description",
            "Value": "Pince universelle, branches gainées avec double couche de PVC antidérapant, modèle grande capacité, finition industrielle",
            "SortNo": 1
        },
        {
            "Attribute": "",
            "Value": "220",
            "SortNo": 2
        },
        {
            "Attribute": "",
            "Value": "50",
            "SortNo": 3
        },
        {
            "Attribute": "",
            "Value": "2,0",
            "SortNo": 4
        },
        {
            "Attribute": "",
            "Value": "27,0",
            "SortNo": 5
        },
        {
            "Attribute": "",
            "Value": "7,1",
            "SortNo": 6
        }
    ],
    "BrandName": "Beta",
    "BrandNo": "10013",
    "Documents": [],
    "GTIN": [
        "8014230963587"
    ],
    "GenArts": [
        {
            "Description": "Pince universelle, branches gainées avec double couche de PVC antidérapant, modèle grande capacité, finition industrielle",
            "StandardisedArticleDescription": "Pince universelle, branches gainées avec double couche de PVC antidérapant, modèle grande capacité, finition industrielle",
            "GenArtNo": -10013
        }
    ],
    "HasPartList": false,
    "HasTextInfo": false,
    "LogoBrand": [
        {
            "Name": "06.jpg",
            "Extension": "JPG",
            "Path": "/img/10013/06.jpg"
        }
    ],
    "Pictures": [
        {
            "Name": "1150G.jpg",
            "Extension": "JPG",
            "Path": "/img/10013/1150G.jpg",
            "SortNo": 1
        }
    ],
    "Replaced_by": [],
    "Replaces": [],
    "Status": "",
    "TradeNo": [
        "011500072"
    ],
    "URL": []
}