{
    "ArtNo": "1150HPC",
    "Attributs": [
        {
            "Attribute": "Description",
            "Value": "Pince universelle HYPERCUT à grande force de coupe avec tranchants en acier fritté M2",
            "SortNo": 1
        },
        {
            "Attribute": "L mm",
            "Value": "180",
            "SortNo": 2
        },
        {
            "Attribute": "L1\nmm",
            "Value": "42",
            "SortNo": 3
        },
        {
            "Attribute": "\nmm",
            "Value": "1,8",
            "SortNo": 4
        },
        {
            "Attribute": "A \nmm",
            "Value": "25",
            "SortNo": 5
        },
        {
            "Attribute": "A1\nmm",
            "Value": "6,3",
            "SortNo": 6
        },
        {
            "Attribute": "\ng",
            "Value": "290",
            "SortNo": 7
        }
    ],
    "BrandName": "Beta",
    "BrandNo": "10013",
    "Documents": [],
    "GTIN": [
        "8014230934143"
    ],
    "GenArts": [
        {
            "Description": "Pince universelle HYPERCUT à grande force de coupe avec tranchants en acier fritté M2",
            "StandardisedArticleDescription": "Pince universelle HYPERCUT à grande force de coupe avec tranchants en acier fritté M2",
            "GenArtNo": -10013
        }
    ],
    "HasPartList": false,
    "HasTextInfo": false,
    "LogoBrand": [
        {
            "Name": "06.jpg",
            "Extension": "JPG",
            "Path": "/img/10013/06.jpg"
        }
    ],
    "Pictures": [
        {
            "Name": "1150HPC.jpg",
            "Extension": "JPG",
            "Path": "/img/10013/1150HPC.jpg",
            "SortNo": 1
        }
    ],
    "Replaced_by": [],
    "Replaces": [],
    "Status": "",
    "TradeNo": [
        "011500618"
    ],
    "URL": []
}