{
    "ArtNo": "1150BA",
    "Attributs": [
        {
            "Attribute": "Description",
            "Value": "Pince universelle chromée satinée antidéflagrante",
            "SortNo": 1
        },
        {
            "Attribute": "L \nmm",
            "Value": "200",
            "SortNo": 2
        },
        {
            "Attribute": "L1 \nmm",
            "Value": "40",
            "SortNo": 3
        },
        {
            "Attribute": "A \nmm",
            "Value": "32,0",
            "SortNo": 4
        },
        {
            "Attribute": "A1\nmm",
            "Value": "7,5",
            "SortNo": 5
        },
        {
            "Attribute": "S\nmm",
            "Value": "14,0",
            "SortNo": 6
        }
    ],
    "BrandName": "Beta",
    "BrandNo": "10013",
    "Documents": [],
    "GTIN": [
        "8014230428390"
    ],
    "GenArts": [
        {
            "Description": "Pince universelle chromée satinée antidéflagrante",
            "StandardisedArticleDescription": "Pince universelle chromée satinée antidéflagrante",
            "GenArtNo": -10013
        }
    ],
    "HasPartList": false,
    "HasTextInfo": false,
    "LogoBrand": [
        {
            "Name": "12.jpg",
            "Extension": "JPG",
            "Path": "/img/10013/12.jpg"
        }
    ],
    "Pictures": [
        {
            "Name": "1150BA.jpg",
            "Extension": "JPG",
            "Path": "/img/10013/1150BA.jpg",
            "SortNo": 1
        }
    ],
    "Replaced_by": [],
    "Replaces": [],
    "Status": "",
    "TradeNo": [
        "011500820"
    ],
    "URL": []
}