{
    "ArtNo": "1150BM-HS",
    "Attributs": [
        {
            "Attribute": "Description",
            "Value": "Pince universelle chromée polie branches gainées confort bi-matières H-SAFE",
            "SortNo": 1
        },
        {
            "Attribute": "",
            "Value": "200",
            "SortNo": 2
        },
        {
            "Attribute": "",
            "Value": "50",
            "SortNo": 3
        },
        {
            "Attribute": "",
            "Value": "2,0",
            "SortNo": 4
        },
        {
            "Attribute": "",
            "Value": "27,0",
            "SortNo": 5
        },
        {
            "Attribute": "",
            "Value": "7,1",
            "SortNo": 6
        },
        {
            "Attribute": "",
            "Value": "310",
            "SortNo": 7
        }
    ],
    "BrandName": "Beta H-SAFE",
    "BrandNo": "10013",
    "Documents": [],
    "GTIN": [
        "8054809150826"
    ],
    "GenArts": [
        {
            "Description": "Pince universelle chromée polie branches gainées confort bi-matières H-SAFE",
            "StandardisedArticleDescription": "Pince universelle chromée polie branches gainées confort bi-matières H-SAFE",
            "GenArtNo": -10013
        }
    ],
    "HasPartList": false,
    "HasTextInfo": false,
    "LogoBrand": [
        {
            "Name": "12HS.jpg",
            "Extension": "JPG",
            "Path": "/img/10013/12HS.jpg"
        }
    ],
    "Pictures": [
        {
            "Name": "1150BM-HS.jpg",
            "Extension": "JPG",
            "Path": "/img/10013/1150BM-HS.jpg",
            "SortNo": 1
        }
    ],
    "Replaced_by": [],
    "Replaces": [],
    "Status": "",
    "TradeNo": [
        "011504150"
    ],
    "URL": []
}