{
    "ArtNo": "1150INOX",
    "Attributs": [
        {
            "Attribute": "Description",
            "Value": "Pince universelle à grande force de coupe en acier inoxydable",
            "SortNo": 1
        },
        {
            "Attribute": "L\nmm",
            "Value": "180",
            "SortNo": 2
        },
        {
            "Attribute": "L1\nmm",
            "Value": "39",
            "SortNo": 3
        },
        {
            "Attribute": "\nmm",
            "Value": "",
            "SortNo": 4
        },
        {
            "Attribute": "A \nmm",
            "Value": "25",
            "SortNo": 5
        },
        {
            "Attribute": "A1\nmm",
            "Value": "6,3",
            "SortNo": 6
        }
    ],
    "BrandName": "BetaINOX",
    "BrandNo": "10013",
    "Documents": [],
    "GTIN": [
        "8014230935058"
    ],
    "GenArts": [
        {
            "Description": "Pince universelle à grande force de coupe en acier inoxydable",
            "StandardisedArticleDescription": "Pince universelle à grande force de coupe en acier inoxydable",
            "GenArtNo": -10013
        }
    ],
    "HasPartList": false,
    "HasTextInfo": false,
    "LogoBrand": [
        {
            "Name": "11_inox.jpg",
            "Extension": "JPG",
            "Path": "/img/10013/11_inox.jpg"
        }
    ],
    "Pictures": [
        {
            "Name": "1150INOX.jpg",
            "Extension": "JPG",
            "Path": "/img/10013/1150INOX.jpg",
            "SortNo": 1
        }
    ],
    "Replaced_by": [],
    "Replaces": [],
    "Status": "",
    "TradeNo": [
        "011500518"
    ],
    "URL": []
}