{
    "ArtNo": "1153",
    "Attributs": [
        {
            "Attribute": "Description",
            "Value": "Pince universelle réglable \"mécanicien\", branches gainées PVC",
            "SortNo": 1
        },
        {
            "Attribute": "",
            "Value": "200",
            "SortNo": 2
        },
        {
            "Attribute": "",
            "Value": "34",
            "SortNo": 3
        },
        {
            "Attribute": "",
            "Value": "32",
            "SortNo": 4
        },
        {
            "Attribute": "",
            "Value": "4,0",
            "SortNo": 5
        },
        {
            "Attribute": "",
            "Value": "6,0",
            "SortNo": 6
        }
    ],
    "BrandName": "Beta",
    "BrandNo": "10013",
    "Documents": [],
    "GTIN": [
        "8014230816616"
    ],
    "GenArts": [
        {
            "Description": "Pince universelle réglable \"mécanicien\", branches gainées PVC",
            "StandardisedArticleDescription": "Pince universelle réglable \"mécanicien\", branches gainées PVC",
            "GenArtNo": -10013
        }
    ],
    "HasPartList": false,
    "HasTextInfo": false,
    "LogoBrand": [
        {
            "Name": "06.jpg",
            "Extension": "JPG",
            "Path": "/img/10013/06.jpg"
        }
    ],
    "Pictures": [
        {
            "Name": "1153.jpg",
            "Extension": "JPG",
            "Path": "/img/10013/1153.jpg",
            "SortNo": 1
        }
    ],
    "Replaced_by": [],
    "Replaces": [],
    "Status": "",
    "TradeNo": [
        "011530120"
    ],
    "URL": []
}