{
    "ArtNo": "1162GBM",
    "Attributs": [
        {
            "Attribute": "Description",
            "Value": "Pince à becs plats longs striés, branches gainées confort bi-matières, finition industrielle",
            "SortNo": 1
        },
        {
            "Attribute": "L\nmm",
            "Value": "200",
            "SortNo": 2
        },
        {
            "Attribute": "L1\nmm",
            "Value": "86",
            "SortNo": 3
        },
        {
            "Attribute": "\nmm",
            "Value": "1,6",
            "SortNo": 4
        },
        {
            "Attribute": "A\nmm",
            "Value": "22,0",
            "SortNo": 5
        },
        {
            "Attribute": "A1\nmm",
            "Value": "5,0",
            "SortNo": 6
        },
        {
            "Attribute": "S1\nmm",
            "Value": "5,0",
            "SortNo": 7
        }
    ],
    "BrandName": "Beta",
    "BrandNo": "10013",
    "Documents": [],
    "GTIN": [
        "8014230963662"
    ],
    "GenArts": [
        {
            "Description": "Pince à becs plats longs striés, branches gainées confort bi-matières, finition industrielle",
            "StandardisedArticleDescription": "Pince à becs plats longs striés, branches gainées confort bi-matières, finition industrielle",
            "GenArtNo": -10013
        }
    ],
    "HasPartList": false,
    "HasTextInfo": false,
    "LogoBrand": [
        {
            "Name": "06.jpg",
            "Extension": "JPG",
            "Path": "/img/10013/06.jpg"
        }
    ],
    "Pictures": [
        {
            "Name": "1162GBM.jpg",
            "Extension": "JPG",
            "Path": "/img/10013/1162GBM.jpg",
            "SortNo": 1
        }
    ],
    "Replaced_by": [],
    "Replaces": [],
    "Status": "",
    "TradeNo": [
        "011620270"
    ],
    "URL": []
}