{
    "ArtNo": "1162",
    "Attributs": [
        {
            "Attribute": "Description",
            "Value": "Pince à becs plats longs striés, chromée, branches gainées avec double couche de PVC antidérapant",
            "SortNo": 1
        },
        {
            "Attribute": "L \nmm",
            "Value": "200",
            "SortNo": 2
        },
        {
            "Attribute": "L1 \nmm",
            "Value": "86",
            "SortNo": 3
        },
        {
            "Attribute": "\nmm",
            "Value": "1,6",
            "SortNo": 4
        },
        {
            "Attribute": "A  \nmm",
            "Value": "22,0",
            "SortNo": 5
        },
        {
            "Attribute": "A1 \nmm",
            "Value": "5,0",
            "SortNo": 6
        },
        {
            "Attribute": "S1 \nmm",
            "Value": "5,0",
            "SortNo": 7
        },
        {
            "Attribute": "\ng",
            "Value": "160",
            "SortNo": 8
        }
    ],
    "BrandName": "Beta",
    "BrandNo": "10013",
    "Documents": [],
    "GTIN": [
        "8014230435244"
    ],
    "GenArts": [
        {
            "Description": "Pince à becs plats longs striés, chromée, branches gainées avec double couche de PVC antidérapant",
            "StandardisedArticleDescription": "Pince à becs plats longs striés, chromée, branches gainées avec double couche de PVC antidérapant",
            "GenArtNo": -10013
        }
    ],
    "HasPartList": false,
    "HasTextInfo": false,
    "LogoBrand": [
        {
            "Name": "06.jpg",
            "Extension": "JPG",
            "Path": "/img/10013/06.jpg"
        }
    ],
    "Pictures": [
        {
            "Name": "1162.jpg",
            "Extension": "JPG",
            "Path": "/img/10013/1162.jpg",
            "SortNo": 1
        }
    ],
    "Replaced_by": [],
    "Replaces": [],
    "Status": "",
    "TradeNo": [
        "011620010"
    ],
    "URL": []
}