{
    "ArtNo": "1166BA",
    "Attributs": [
        {
            "Attribute": "Description",
            "Value": "Pince à becs demi-ronds longs striés branches antidéflagrante",
            "SortNo": 1
        },
        {
            "Attribute": "L \nmm",
            "Value": "150",
            "SortNo": 2
        },
        {
            "Attribute": "L1 \nmm",
            "Value": "54",
            "SortNo": 3
        },
        {
            "Attribute": "A \nmm",
            "Value": "20",
            "SortNo": 4
        },
        {
            "Attribute": "S \nmm",
            "Value": "10",
            "SortNo": 5
        },
        {
            "Attribute": " \ng",
            "Value": "165",
            "SortNo": 6
        }
    ],
    "BrandName": "Beta",
    "BrandNo": "10013",
    "Documents": [],
    "GTIN": [
        "8014230645186"
    ],
    "GenArts": [
        {
            "Description": "Pince à becs demi-ronds longs striés branches antidéflagrante",
            "StandardisedArticleDescription": "Pince à becs demi-ronds longs striés branches antidéflagrante",
            "GenArtNo": -10013
        }
    ],
    "HasPartList": false,
    "HasTextInfo": false,
    "LogoBrand": [
        {
            "Name": "12.jpg",
            "Extension": "JPG",
            "Path": "/img/10013/12.jpg"
        }
    ],
    "Pictures": [
        {
            "Name": "1166BA.jpg",
            "Extension": "JPG",
            "Path": "/img/10013/1166BA.jpg",
            "SortNo": 1
        }
    ],
    "Replaced_by": [],
    "Replaces": [],
    "Status": "",
    "TradeNo": [
        "011660815"
    ],
    "URL": []
}