{
    "ArtNo": "1166GBM",
    "Attributs": [
        {
            "Attribute": "Description",
            "Value": "Pince à becs demi-ronds longs striés, branches gainées confort bi-matières, finition industrielle",
            "SortNo": 1
        },
        {
            "Attribute": "",
            "Value": "200",
            "SortNo": 2
        },
        {
            "Attribute": "",
            "Value": "76",
            "SortNo": 3
        },
        {
            "Attribute": "",
            "Value": "1,6",
            "SortNo": 4
        },
        {
            "Attribute": "",
            "Value": "22,0",
            "SortNo": 5
        },
        {
            "Attribute": "",
            "Value": "5,0",
            "SortNo": 6
        },
        {
            "Attribute": "",
            "Value": "4,0",
            "SortNo": 7
        }
    ],
    "BrandName": "Beta",
    "BrandNo": "10013",
    "Documents": [],
    "GTIN": [
        "8014230963747"
    ],
    "GenArts": [
        {
            "Description": "Pince à becs demi-ronds longs striés, branches gainées confort bi-matières, finition industrielle",
            "StandardisedArticleDescription": "Pince à becs demi-ronds longs striés, branches gainées confort bi-matières, finition industrielle",
            "GenArtNo": -10013
        }
    ],
    "HasPartList": false,
    "HasTextInfo": false,
    "LogoBrand": [
        {
            "Name": "06.jpg",
            "Extension": "JPG",
            "Path": "/img/10013/06.jpg"
        }
    ],
    "Pictures": [
        {
            "Name": "1166GBM.jpg",
            "Extension": "JPG",
            "Path": "/img/10013/1166GBM.jpg",
            "SortNo": 1
        }
    ],
    "Replaced_by": [],
    "Replaces": [],
    "Status": "",
    "TradeNo": [
        "011660270"
    ],
    "URL": []
}