{
    "ArtNo": "1172BM/P",
    "Attributs": [
        {
            "Attribute": "Description",
            "Value": "Pince de précision à becs plats coudés longs lisses branches gainées confort bi-matières",
            "SortNo": 1
        },
        {
            "Attribute": "L \n~",
            "Value": "140",
            "SortNo": 2
        },
        {
            "Attribute": "L1 \nmm",
            "Value": "38",
            "SortNo": 3
        },
        {
            "Attribute": "A \nmm",
            "Value": "12",
            "SortNo": 4
        },
        {
            "Attribute": "B \nmm",
            "Value": "13",
            "SortNo": 5
        },
        {
            "Attribute": "C \nmm",
            "Value": "3,5",
            "SortNo": 6
        },
        {
            "Attribute": "E \nmm",
            "Value": "15,5",
            "SortNo": 7
        }
    ],
    "BrandName": "Beta",
    "BrandNo": "10013",
    "Documents": [],
    "GTIN": [
        "8014230513232"
    ],
    "GenArts": [
        {
            "Description": "Pince de précision à becs plats coudés longs lisses branches gainées confort bi-matières",
            "StandardisedArticleDescription": "Pince de précision à becs plats coudés longs lisses branches gainées confort bi-matières",
            "GenArtNo": -10013
        }
    ],
    "HasPartList": false,
    "HasTextInfo": false,
    "LogoBrand": [
        {
            "Name": "14.jpg",
            "Extension": "JPG",
            "Path": "/img/10013/14.jpg"
        }
    ],
    "Pictures": [
        {
            "Name": "1172BM_slash_P.jpg",
            "Extension": "JPG",
            "Path": "/img/10013/1172BM_slash_P.jpg",
            "SortNo": 1
        }
    ],
    "Replaced_by": [],
    "Replaces": [],
    "Status": "",
    "TradeNo": [
        "011720102"
    ],
    "URL": []
}