{
    "ArtNo": "1182BM",
    "Attributs": [
        {
            "Attribute": "Description",
            "Value": "Pince coupante diagonale de précision à becs effilés, coupe semi-rase, branches gainées confort bi-matières",
            "SortNo": 1
        },
        {
            "Attribute": "L \nmm",
            "Value": "120",
            "SortNo": 2
        },
        {
            "Attribute": "L1 \nmm",
            "Value": "11",
            "SortNo": 3
        },
        {
            "Attribute": "A \nmm",
            "Value": "10",
            "SortNo": 4
        },
        {
            "Attribute": "Cu \nmm",
            "Value": "1",
            "SortNo": 5
        },
        {
            "Attribute": "B \nmm",
            "Value": "6",
            "SortNo": 6
        }
    ],
    "BrandName": "Beta",
    "BrandNo": "10013",
    "Documents": [],
    "GTIN": [
        "8014230513300"
    ],
    "GenArts": [
        {
            "Description": "Pince coupante diagonale de précision à becs effilés, coupe semi-rase, branches gainées confort bi-matières",
            "StandardisedArticleDescription": "Pince coupante diagonale de précision à becs effilés, coupe semi-rase, branches gainées confort bi-matières",
            "GenArtNo": -10013
        }
    ],
    "HasPartList": false,
    "HasTextInfo": false,
    "LogoBrand": [
        {
            "Name": "14.jpg",
            "Extension": "JPG",
            "Path": "/img/10013/14.jpg"
        }
    ],
    "Pictures": [
        {
            "Name": "1182BM.jpg",
            "Extension": "JPG",
            "Path": "/img/10013/1182BM.jpg",
            "SortNo": 1
        }
    ],
    "Replaced_by": [],
    "Replaces": [],
    "Status": "",
    "TradeNo": [
        "011820101"
    ],
    "URL": []
}