{
    "ArtNo": "1188BM",
    "Attributs": [
        {
            "Attribute": "Description",
            "Value": "Pince coupante diagonale de précision coupe axiale branches gainées confort bi-matières",
            "SortNo": 1
        },
        {
            "Attribute": "L \nmm",
            "Value": "130",
            "SortNo": 2
        },
        {
            "Attribute": "L1 \nmm",
            "Value": "17",
            "SortNo": 3
        },
        {
            "Attribute": "A \nmm",
            "Value": "15",
            "SortNo": 4
        },
        {
            "Attribute": "Cu \nmm",
            "Value": "2",
            "SortNo": 5
        },
        {
            "Attribute": "B \nmm",
            "Value": "12",
            "SortNo": 6
        }
    ],
    "BrandName": "Beta",
    "BrandNo": "10013",
    "Documents": [],
    "GTIN": [
        "8014230513386"
    ],
    "GenArts": [
        {
            "Description": "Pince coupante diagonale de précision coupe axiale branches gainées confort bi-matières",
            "StandardisedArticleDescription": "Pince coupante diagonale de précision coupe axiale branches gainées confort bi-matières",
            "GenArtNo": -10013
        }
    ],
    "HasPartList": false,
    "HasTextInfo": false,
    "LogoBrand": [
        {
            "Name": "14.jpg",
            "Extension": "JPG",
            "Path": "/img/10013/14.jpg"
        }
    ],
    "Pictures": [
        {
            "Name": "1188BM.jpg",
            "Extension": "JPG",
            "Path": "/img/10013/1188BM.jpg",
            "SortNo": 1
        }
    ],
    "Replaced_by": [],
    "Replaces": [],
    "Status": "",
    "TradeNo": [
        "011880102"
    ],
    "URL": []
}