{
    "ArtNo": "1190BM",
    "Attributs": [
        {
            "Attribute": "Description",
            "Value": "Pince coupante frontale de précision coupe semi-rase branches gainées confort bi-matières",
            "SortNo": 1
        },
        {
            "Attribute": "L \nmm",
            "Value": "120",
            "SortNo": 2
        },
        {
            "Attribute": "L1 \nmm",
            "Value": "12",
            "SortNo": 3
        },
        {
            "Attribute": "A \nmm",
            "Value": "12",
            "SortNo": 4
        },
        {
            "Attribute": "Cu \nmm",
            "Value": "1,25",
            "SortNo": 5
        }
    ],
    "BrandName": "Beta",
    "BrandNo": "10013",
    "Documents": [],
    "GTIN": [
        "8014230513393"
    ],
    "GenArts": [
        {
            "Description": "Pince coupante frontale de précision coupe semi-rase branches gainées confort bi-matières",
            "StandardisedArticleDescription": "Pince coupante frontale de précision coupe semi-rase branches gainées confort bi-matières",
            "GenArtNo": -10013
        }
    ],
    "HasPartList": false,
    "HasTextInfo": false,
    "LogoBrand": [
        {
            "Name": "14.jpg",
            "Extension": "JPG",
            "Path": "/img/10013/14.jpg"
        }
    ],
    "Pictures": [
        {
            "Name": "1190BM.jpg",
            "Extension": "JPG",
            "Path": "/img/10013/1190BM.jpg",
            "SortNo": 1
        }
    ],
    "Replaced_by": [],
    "Replaces": [],
    "Status": "",
    "TradeNo": [
        "011900113"
    ],
    "URL": []
}