{
    "ArtNo": "1191BM/L",
    "Attributs": [
        {
            "Attribute": "Description",
            "Value": "Pince coupante frontale de précision tête inclinée à 70°, coupe à ras branches gainées confort bi-matières",
            "SortNo": 1
        },
        {
            "Attribute": "L \nmm",
            "Value": "130",
            "SortNo": 2
        },
        {
            "Attribute": "L1 \nmm",
            "Value": "18",
            "SortNo": 3
        },
        {
            "Attribute": "A \nmm",
            "Value": "12",
            "SortNo": 4
        },
        {
            "Attribute": "Cu \nmm",
            "Value": "1",
            "SortNo": 5
        },
        {
            "Attribute": "C \nmm",
            "Value": "8",
            "SortNo": 6
        }
    ],
    "BrandName": "Beta",
    "BrandNo": "10013",
    "Documents": [],
    "GTIN": [
        "8014230513416"
    ],
    "GenArts": [
        {
            "Description": "Pince coupante frontale de précision tête inclinée à 70°, coupe à ras branches gainées confort bi-matières",
            "StandardisedArticleDescription": "Pince coupante frontale de précision tête inclinée à 70°, coupe à ras branches gainées confort bi-matières",
            "GenArtNo": -10013
        }
    ],
    "HasPartList": false,
    "HasTextInfo": false,
    "LogoBrand": [
        {
            "Name": "14.jpg",
            "Extension": "JPG",
            "Path": "/img/10013/14.jpg"
        }
    ],
    "Pictures": [
        {
            "Name": "1191BM_slash_L.jpg",
            "Extension": "JPG",
            "Path": "/img/10013/1191BM_slash_L.jpg",
            "SortNo": 1
        }
    ],
    "Replaced_by": [],
    "Replaces": [],
    "Status": "",
    "TradeNo": [
        "011910110"
    ],
    "URL": []
}