{
    "ArtNo": "1191R/5-M",
    "Attributs": [
        {
            "Attribute": "Description",
            "Value": "Kit ressorts de rechange pour pinces et pinces coupantes, 5 couples (Articles : 1171...1191)",
            "SortNo": 1
        }
    ],
    "BrandName": "Beta",
    "BrandNo": "10013",
    "Documents": [],
    "GTIN": [
        "8014230795232"
    ],
    "GenArts": [
        {
            "Description": "Kit ressorts de rechange pour pinces et pinces coupantes, 5 couples (Articles : 1171...1191)",
            "StandardisedArticleDescription": "Kit ressorts de rechange pour pinces et pinces coupantes, 5 couples (Articles : 1171...1191)",
            "GenArtNo": -10013
        }
    ],
    "HasPartList": false,
    "HasTextInfo": false,
    "LogoBrand": [
        {
            "Name": "14.jpg",
            "Extension": "JPG",
            "Path": "/img/10013/14.jpg"
        }
    ],
    "Pictures": [],
    "Replaced_by": [],
    "Replaces": [],
    "Status": "",
    "TradeNo": [
        "011910995"
    ],
    "URL": []
}