{
    "ArtNo": "120",
    "Attributs": [
        {
            "Attribute": "Description",
            "Value": "Clé à tuyauter à cliquet",
            "SortNo": 1
        },
        {
            "Attribute": " \nmm",
            "Value": "32",
            "SortNo": 2
        },
        {
            "Attribute": "L \nmm",
            "Value": "320",
            "SortNo": 3
        },
        {
            "Attribute": "D \nmm",
            "Value": "57,0",
            "SortNo": 4
        },
        {
            "Attribute": "S \nmm",
            "Value": "16,0",
            "SortNo": 5
        }
    ],
    "BrandName": "Beta",
    "BrandNo": "10013",
    "Documents": [],
    "GTIN": [
        "8014230055404"
    ],
    "GenArts": [
        {
            "Description": "Clé à tuyauter à cliquet",
            "StandardisedArticleDescription": "Clé à tuyauter à cliquet",
            "GenArtNo": -10013
        }
    ],
    "HasPartList": false,
    "HasTextInfo": false,
    "LogoBrand": [
        {
            "Name": "02.jpg",
            "Extension": "JPG",
            "Path": "/img/10013/02.jpg"
        }
    ],
    "Pictures": [
        {
            "Name": "120.jpg",
            "Extension": "JPG",
            "Path": "/img/10013/120.jpg",
            "SortNo": 1
        }
    ],
    "Replaced_by": [],
    "Replaces": [],
    "Status": "",
    "TradeNo": [
        "001200032"
    ],
    "URL": []
}