{
    "ArtNo": "1201E",
    "Attributs": [
        {
            "Attribute": "Description",
            "Value": "Tournevis Evox pour vis à fente, chromé, pointe noire",
            "SortNo": 1
        },
        {
            "Attribute": "SxAxL\nmm",
            "Value": "1,6x10x200",
            "SortNo": 2
        },
        {
            "Attribute": "L1\nmm",
            "Value": "332",
            "SortNo": 3
        },
        {
            "Attribute": "Ø\nmm",
            "Value": "9,5",
            "SortNo": 4
        }
    ],
    "BrandName": "BetaEVOX",
    "BrandNo": "10013",
    "Documents": [],
    "GTIN": [
        "8054809133317"
    ],
    "GenArts": [
        {
            "Description": "Tournevis Evox pour vis à fente, chromé, pointe noire",
            "StandardisedArticleDescription": "Tournevis Evox pour vis à fente, chromé, pointe noire",
            "GenArtNo": -10013
        }
    ],
    "HasPartList": false,
    "HasTextInfo": false,
    "LogoBrand": [
        {
            "Name": "05.jpg",
            "Extension": "JPG",
            "Path": "/img/10013/05.jpg"
        }
    ],
    "Pictures": [
        {
            "Name": "1201E.jpg",
            "Extension": "JPG",
            "Path": "/img/10013/1201E.jpg",
            "SortNo": 1
        }
    ],
    "Replaced_by": [],
    "Replaces": [],
    "Status": "",
    "TradeNo": [
        "012011066"
    ],
    "URL": []
}