{
    "ArtNo": "1201E/DZ",
    "Attributs": [
        {
            "Attribute": "Description",
            "Value": "Tournevis Evox pour vis Dzus®",
            "SortNo": 1
        },
        {
            "Attribute": "L\nmm",
            "Value": "53",
            "SortNo": 2
        },
        {
            "Attribute": "L1\nmm",
            "Value": "173",
            "SortNo": 3
        }
    ],
    "BrandName": "Beta",
    "BrandNo": "10013",
    "Documents": [],
    "GTIN": [
        "8054809133355"
    ],
    "GenArts": [
        {
            "Description": "Tournevis Evox pour vis Dzus®",
            "StandardisedArticleDescription": "Tournevis Evox pour vis Dzus®",
            "GenArtNo": -10013
        }
    ],
    "HasPartList": false,
    "HasTextInfo": false,
    "LogoBrand": [
        {
            "Name": "16.jpg",
            "Extension": "JPG",
            "Path": "/img/10013/16.jpg"
        }
    ],
    "Pictures": [
        {
            "Name": "1201E_slash_DZ.jpg",
            "Extension": "JPG",
            "Path": "/img/10013/1201E_slash_DZ.jpg",
            "SortNo": 1
        }
    ],
    "Replaced_by": [],
    "Replaces": [],
    "Status": "",
    "TradeNo": [
        "012011501"
    ],
    "URL": []
}