{
    "ArtNo": "1201EN",
    "Attributs": [
        {
            "Attribute": "Description",
            "Value": "Tournevis Evox à lame courte pour vis à fente, chromé, pointe noire",
            "SortNo": 1
        },
        {
            "Attribute": "SxAxL\nmm",
            "Value": "1,2x6,5x30",
            "SortNo": 2
        },
        {
            "Attribute": "L1\nmm",
            "Value": "86,5",
            "SortNo": 3
        },
        {
            "Attribute": "Ø\nmm",
            "Value": "6",
            "SortNo": 4
        }
    ],
    "BrandName": "BetaEVOX",
    "BrandNo": "10013",
    "Documents": [],
    "GTIN": [
        "8054809133331"
    ],
    "GenArts": [
        {
            "Description": "Tournevis Evox à lame courte pour vis à fente, chromé, pointe noire",
            "StandardisedArticleDescription": "Tournevis Evox à lame courte pour vis à fente, chromé, pointe noire",
            "GenArtNo": -10013
        }
    ],
    "HasPartList": false,
    "HasTextInfo": false,
    "LogoBrand": [
        {
            "Name": "05.jpg",
            "Extension": "JPG",
            "Path": "/img/10013/05.jpg"
        }
    ],
    "Pictures": [
        {
            "Name": "1201EN.jpg",
            "Extension": "JPG",
            "Path": "/img/10013/1201EN.jpg",
            "SortNo": 1
        }
    ],
    "Replaced_by": [],
    "Replaces": [],
    "Status": "",
    "TradeNo": [
        "012011106"
    ],
    "URL": []
}