{
    "ArtNo": "1202E",
    "Attributs": [
        {
            "Attribute": "Description",
            "Value": "Tournevis Evox pour vis Phillips®, chromé, pointe noire",
            "SortNo": 1
        },
        {
            "Attribute": "PHxDxL\nmm",
            "Value": "4x9,5x200",
            "SortNo": 2
        },
        {
            "Attribute": "L1\nmm",
            "Value": "332",
            "SortNo": 3
        }
    ],
    "BrandName": "BetaEVOX",
    "BrandNo": "10013",
    "Documents": [],
    "GTIN": [
        "8054809133638"
    ],
    "GenArts": [
        {
            "Description": "Tournevis Evox pour vis Phillips®, chromé, pointe noire",
            "StandardisedArticleDescription": "Tournevis Evox pour vis Phillips®, chromé, pointe noire",
            "GenArtNo": -10013
        }
    ],
    "HasPartList": false,
    "HasTextInfo": false,
    "LogoBrand": [
        {
            "Name": "05.jpg",
            "Extension": "JPG",
            "Path": "/img/10013/05.jpg"
        }
    ],
    "Pictures": [
        {
            "Name": "1202E.jpg",
            "Extension": "JPG",
            "Path": "/img/10013/1202E.jpg",
            "SortNo": 1
        }
    ],
    "Replaced_by": [],
    "Replaces": [],
    "Status": "",
    "TradeNo": [
        "012021027"
    ],
    "URL": []
}