{
    "ArtNo": "1202EN",
    "Attributs": [
        {
            "Attribute": "Description",
            "Value": "Tournevis Evox à lame courte pour vis Phillips®, chromé, pointe noire",
            "SortNo": 1
        },
        {
            "Attribute": "PHxDxL\nmm",
            "Value": "2x6x30",
            "SortNo": 2
        },
        {
            "Attribute": "L1\nmm",
            "Value": "86,5",
            "SortNo": 3
        }
    ],
    "BrandName": "BetaEVOX",
    "BrandNo": "10013",
    "Documents": [],
    "GTIN": [
        "8054809133652"
    ],
    "GenArts": [
        {
            "Description": "Tournevis Evox à lame courte pour vis Phillips®, chromé, pointe noire",
            "StandardisedArticleDescription": "Tournevis Evox à lame courte pour vis Phillips®, chromé, pointe noire",
            "GenArtNo": -10013
        }
    ],
    "HasPartList": false,
    "HasTextInfo": false,
    "LogoBrand": [
        {
            "Name": "05.jpg",
            "Extension": "JPG",
            "Path": "/img/10013/05.jpg"
        }
    ],
    "Pictures": [
        {
            "Name": "1202EN.jpg",
            "Extension": "JPG",
            "Path": "/img/10013/1202EN.jpg",
            "SortNo": 1
        }
    ],
    "Replaced_by": [],
    "Replaces": [],
    "Status": "",
    "TradeNo": [
        "012021106"
    ],
    "URL": []
}