{
    "ArtNo": "1202EL",
    "Attributs": [
        {
            "Attribute": "Description",
            "Value": "Tournevis Evox à lame longue pour vis Phillips®",
            "SortNo": 1
        },
        {
            "Attribute": "PHxDxL\nmm",
            "Value": "2x6x400",
            "SortNo": 2
        },
        {
            "Attribute": "L1\nmm",
            "Value": "519",
            "SortNo": 3
        },
        {
            "Attribute": "",
            "Value": "165,3",
            "SortNo": 4
        }
    ],
    "BrandName": "BetaEVOX",
    "BrandNo": "10013",
    "Documents": [],
    "GTIN": [
        "8054809133706"
    ],
    "GenArts": [
        {
            "Description": "Tournevis Evox à lame longue pour vis Phillips®",
            "StandardisedArticleDescription": "Tournevis Evox à lame longue pour vis Phillips®",
            "GenArtNo": -10013
        }
    ],
    "HasPartList": false,
    "HasTextInfo": false,
    "LogoBrand": [
        {
            "Name": "05.jpg",
            "Extension": "JPG",
            "Path": "/img/10013/05.jpg"
        }
    ],
    "Pictures": [
        {
            "Name": "1202EL.jpg",
            "Extension": "JPG",
            "Path": "/img/10013/1202EL.jpg",
            "SortNo": 1
        }
    ],
    "Replaced_by": [],
    "Replaces": [],
    "Status": "",
    "TradeNo": [
        "012021309"
    ],
    "URL": []
}