{
    "ArtNo": "1204E/S5",
    "Attributs": [
        {
            "Attribute": "Description",
            "Value": "Jeu de 5 tournevis Evox à lame fraisée pour vis à fente",
            "SortNo": 1
        }
    ],
    "BrandName": "BetaEVOX",
    "BrandNo": "10013",
    "Documents": [],
    "GTIN": [
        "8054809134123"
    ],
    "GenArts": [
        {
            "Description": "Jeu de 5 tournevis Evox à lame fraisée pour vis à fente",
            "StandardisedArticleDescription": "Jeu de 5 tournevis Evox à lame fraisée pour vis à fente",
            "GenArtNo": -10013
        }
    ],
    "HasPartList": false,
    "HasTextInfo": false,
    "LogoBrand": [
        {
            "Name": "05.jpg",
            "Extension": "JPG",
            "Path": "/img/10013/05.jpg"
        }
    ],
    "Pictures": [
        {
            "Name": "1204E_slash_S5.jpg",
            "Extension": "JPG",
            "Path": "/img/10013/1204E_slash_S5.jpg",
            "SortNo": 1
        }
    ],
    "Replaced_by": [],
    "Replaces": [],
    "Status": "",
    "TradeNo": [
        "012041205"
    ],
    "URL": []
}