{
    "ArtNo": "1204E",
    "Attributs": [
        {
            "Attribute": "Description",
            "Value": "Tournevis Evox à lame fraisée pour vis à fente, chromé, pointe noire",
            "SortNo": 1
        },
        {
            "Attribute": "SxDxL\nmm",
            "Value": "1,2x6,5x150",
            "SortNo": 2
        },
        {
            "Attribute": "L1\nmm",
            "Value": "270",
            "SortNo": 3
        }
    ],
    "BrandName": "BetaEVOX",
    "BrandNo": "10013",
    "Documents": [],
    "GTIN": [
        "8054809134116"
    ],
    "GenArts": [
        {
            "Description": "Tournevis Evox à lame fraisée pour vis à fente, chromé, pointe noire",
            "StandardisedArticleDescription": "Tournevis Evox à lame fraisée pour vis à fente, chromé, pointe noire",
            "GenArtNo": -10013
        }
    ],
    "HasPartList": false,
    "HasTextInfo": false,
    "LogoBrand": [
        {
            "Name": "05.jpg",
            "Extension": "JPG",
            "Path": "/img/10013/05.jpg"
        }
    ],
    "Pictures": [
        {
            "Name": "1204E.jpg",
            "Extension": "JPG",
            "Path": "/img/10013/1204E.jpg",
            "SortNo": 1
        }
    ],
    "Replaced_by": [],
    "Replaces": [],
    "Status": "",
    "TradeNo": [
        "012041024"
    ],
    "URL": []
}