{
    "ArtNo": "1204EL",
    "Attributs": [
        {
            "Attribute": "Description",
            "Value": "Tournevis Evox à lame longue fraisée pour vis à feinte",
            "SortNo": 1
        },
        {
            "Attribute": "SxDxL\nmm",
            "Value": "1,2x6,5x400",
            "SortNo": 2
        },
        {
            "Attribute": "L1\nmm",
            "Value": "519",
            "SortNo": 3
        }
    ],
    "BrandName": "BetaEVOX",
    "BrandNo": "10013",
    "Documents": [],
    "GTIN": [
        "8054809134178"
    ],
    "GenArts": [
        {
            "Description": "Tournevis Evox à lame longue fraisée pour vis à feinte",
            "StandardisedArticleDescription": "Tournevis Evox à lame longue fraisée pour vis à feinte",
            "GenArtNo": -10013
        }
    ],
    "HasPartList": false,
    "HasTextInfo": false,
    "LogoBrand": [
        {
            "Name": "05.jpg",
            "Extension": "JPG",
            "Path": "/img/10013/05.jpg"
        }
    ],
    "Pictures": [
        {
            "Name": "1204EL.jpg",
            "Extension": "JPG",
            "Path": "/img/10013/1204EL.jpg",
            "SortNo": 1
        }
    ],
    "Replaced_by": [],
    "Replaces": [],
    "Status": "",
    "TradeNo": [
        "012041318"
    ],
    "URL": []
}