{
    "ArtNo": "1205E/ES-S8",
    "Attributs": [
        {
            "Attribute": "Description",
            "Value": "Jeu de 8 clés mâles emmanchées Evox pour vis 6 pans",
            "SortNo": 1
        }
    ],
    "BrandName": "BetaEVOX",
    "BrandNo": "10013",
    "Documents": [],
    "GTIN": [
        "8054809134345"
    ],
    "GenArts": [
        {
            "Description": "Jeu de 8 clés mâles emmanchées Evox pour vis 6 pans",
            "StandardisedArticleDescription": "Jeu de 8 clés mâles emmanchées Evox pour vis 6 pans",
            "GenArtNo": -10013
        }
    ],
    "HasPartList": false,
    "HasTextInfo": false,
    "LogoBrand": [
        {
            "Name": "05.jpg",
            "Extension": "JPG",
            "Path": "/img/10013/05.jpg"
        }
    ],
    "Pictures": [
        {
            "Name": "1205E_slash_ES-S8.jpg",
            "Extension": "JPG",
            "Path": "/img/10013/1205E_slash_ES-S8.jpg",
            "SortNo": 1
        }
    ],
    "Replaced_by": [],
    "Replaces": [],
    "Status": "",
    "TradeNo": [
        "012051408"
    ],
    "URL": []
}