{
    "ArtNo": "1205E/ES",
    "Attributs": [
        {
            "Attribute": "Description",
            "Value": "Clé mâle emmanchée Evox pour vis 6 pans",
            "SortNo": 1
        },
        {
            "Attribute": "mm",
            "Value": "8",
            "SortNo": 2
        },
        {
            "Attribute": "L\nmm",
            "Value": "150",
            "SortNo": 3
        },
        {
            "Attribute": "L1\nmm",
            "Value": "277",
            "SortNo": 4
        }
    ],
    "BrandName": "BetaEVOX",
    "BrandNo": "10013",
    "Documents": [],
    "GTIN": [
        "8054809134338"
    ],
    "GenArts": [
        {
            "Description": "Clé mâle emmanchée Evox pour vis 6 pans",
            "StandardisedArticleDescription": "Clé mâle emmanchée Evox pour vis 6 pans",
            "GenArtNo": -10013
        }
    ],
    "HasPartList": false,
    "HasTextInfo": false,
    "LogoBrand": [
        {
            "Name": "05.jpg",
            "Extension": "JPG",
            "Path": "/img/10013/05.jpg"
        }
    ],
    "Pictures": [
        {
            "Name": "1205E_slash_ES.jpg",
            "Extension": "JPG",
            "Path": "/img/10013/1205E_slash_ES.jpg",
            "SortNo": 1
        }
    ],
    "Replaced_by": [],
    "Replaces": [],
    "Status": "",
    "TradeNo": [
        "012051380"
    ],
    "URL": []
}