{
    "ArtNo": "1206E/BP",
    "Attributs": [
        {
            "Attribute": "Description",
            "Value": "Clé mâle emmanchée à tête sphérique Evox pour vis 6 pans",
            "SortNo": 1
        },
        {
            "Attribute": "mm",
            "Value": "8",
            "SortNo": 2
        },
        {
            "Attribute": "L\nmm",
            "Value": "150",
            "SortNo": 3
        },
        {
            "Attribute": "L1\nmm",
            "Value": "287",
            "SortNo": 4
        },
        {
            "Attribute": "Ø\nmm",
            "Value": "9,5",
            "SortNo": 5
        }
    ],
    "BrandName": "BetaEVOX",
    "BrandNo": "10013",
    "Documents": [],
    "GTIN": [
        "8054809134413"
    ],
    "GenArts": [
        {
            "Description": "Clé mâle emmanchée à tête sphérique Evox pour vis 6 pans",
            "StandardisedArticleDescription": "Clé mâle emmanchée à tête sphérique Evox pour vis 6 pans",
            "GenArtNo": -10013
        }
    ],
    "HasPartList": false,
    "HasTextInfo": false,
    "LogoBrand": [
        {
            "Name": "05.jpg",
            "Extension": "JPG",
            "Path": "/img/10013/05.jpg"
        }
    ],
    "Pictures": [
        {
            "Name": "1206E_slash_BP.jpg",
            "Extension": "JPG",
            "Path": "/img/10013/1206E_slash_BP.jpg",
            "SortNo": 1
        }
    ],
    "Replaced_by": [],
    "Replaces": [],
    "Status": "",
    "TradeNo": [
        "012061380"
    ],
    "URL": []
}