{
    "ArtNo": "1207E/TX",
    "Attributs": [
        {
            "Attribute": "Description",
            "Value": "Tournevis Evox pour vis Torx®, chromé, pointe noire",
            "SortNo": 1
        },
        {
            "Attribute": "",
            "Value": "T45",
            "SortNo": 2
        },
        {
            "Attribute": "L\nmm",
            "Value": "130",
            "SortNo": 3
        },
        {
            "Attribute": "L1\nmm",
            "Value": "262",
            "SortNo": 4
        },
        {
            "Attribute": "Ø\nmm",
            "Value": "8",
            "SortNo": 5
        }
    ],
    "BrandName": "BetaEVOX",
    "BrandNo": "10013",
    "Documents": [],
    "GTIN": [
        "8054809134550"
    ],
    "GenArts": [
        {
            "Description": "Tournevis Evox pour vis Torx®, chromé, pointe noire",
            "StandardisedArticleDescription": "Tournevis Evox pour vis Torx®, chromé, pointe noire",
            "GenArtNo": -10013
        }
    ],
    "HasPartList": false,
    "HasTextInfo": false,
    "LogoBrand": [
        {
            "Name": "05.jpg",
            "Extension": "JPG",
            "Path": "/img/10013/05.jpg"
        }
    ],
    "Pictures": [
        {
            "Name": "1207E_slash_TX.jpg",
            "Extension": "JPG",
            "Path": "/img/10013/1207E_slash_TX.jpg",
            "SortNo": 1
        }
    ],
    "Replaced_by": [],
    "Replaces": [],
    "Status": "",
    "TradeNo": [
        "012071045"
    ],
    "URL": []
}