{
    "ArtNo": "1208E/RTX-D",
    "Attributs": [
        {
            "Attribute": "Description",
            "Value": "Jeu de 7 tournevis Evox pour vis Tamper Resistant Torx® (art. 1208E/RTX)",
            "SortNo": 1
        }
    ],
    "BrandName": "BetaEVOX",
    "BrandNo": "10013",
    "Documents": [],
    "GTIN": [
        "8054809134796"
    ],
    "GenArts": [
        {
            "Description": "Jeu de 7 tournevis Evox pour vis Tamper Resistant Torx® (art. 1208E/RTX)",
            "StandardisedArticleDescription": "Jeu de 7 tournevis Evox pour vis Tamper Resistant Torx® (art. 1208E/RTX)",
            "GenArtNo": -10013
        }
    ],
    "HasPartList": false,
    "HasTextInfo": false,
    "LogoBrand": [
        {
            "Name": "05.jpg",
            "Extension": "JPG",
            "Path": "/img/10013/05.jpg"
        }
    ],
    "Pictures": [
        {
            "Name": "1208E_slash_RTX-D.jpg",
            "Extension": "JPG",
            "Path": "/img/10013/1208E_slash_RTX-D.jpg",
            "SortNo": 1
        }
    ],
    "Replaced_by": [],
    "Replaces": [],
    "Status": "",
    "TradeNo": [
        "012081207"
    ],
    "URL": []
}