{
    "ArtNo": "1208E/RTX",
    "Attributs": [
        {
            "Attribute": "Description",
            "Value": "Tournevis Evox pour vis Tamper Resistant Torx®, chromé, pointe noire",
            "SortNo": 1
        },
        {
            "Attribute": "",
            "Value": "T40",
            "SortNo": 2
        },
        {
            "Attribute": "L\nmm",
            "Value": "130",
            "SortNo": 3
        },
        {
            "Attribute": "L1\nmm",
            "Value": "262",
            "SortNo": 4
        },
        {
            "Attribute": "Ø\nmm",
            "Value": "7",
            "SortNo": 5
        }
    ],
    "BrandName": "BetaEVOX",
    "BrandNo": "10013",
    "Documents": [],
    "GTIN": [
        "8054809134789"
    ],
    "GenArts": [
        {
            "Description": "Tournevis Evox pour vis Tamper Resistant Torx®, chromé, pointe noire",
            "StandardisedArticleDescription": "Tournevis Evox pour vis Tamper Resistant Torx®, chromé, pointe noire",
            "GenArtNo": -10013
        }
    ],
    "HasPartList": false,
    "HasTextInfo": false,
    "LogoBrand": [
        {
            "Name": "05.jpg",
            "Extension": "JPG",
            "Path": "/img/10013/05.jpg"
        }
    ],
    "Pictures": [
        {
            "Name": "1208E_slash_RTX.jpg",
            "Extension": "JPG",
            "Path": "/img/10013/1208E_slash_RTX.jpg",
            "SortNo": 1
        }
    ],
    "Replaced_by": [],
    "Replaces": [],
    "Status": "",
    "TradeNo": [
        "012081040"
    ],
    "URL": []
}