{
    "ArtNo": "1209E/PZ",
    "Attributs": [
        {
            "Attribute": "Description",
            "Value": "Tournevis Evox pour vis Pozidriv®-Supadriv®, chromé, pointe noire",
            "SortNo": 1
        },
        {
            "Attribute": "PZ",
            "Value": "4",
            "SortNo": 2
        },
        {
            "Attribute": "L\nmm",
            "Value": "200",
            "SortNo": 3
        },
        {
            "Attribute": "L1\nmm",
            "Value": "327",
            "SortNo": 4
        }
    ],
    "BrandName": "BetaEVOX",
    "BrandNo": "10013",
    "Documents": [],
    "GTIN": [
        "8054809134925"
    ],
    "GenArts": [
        {
            "Description": "Tournevis Evox pour vis Pozidriv®-Supadriv®, chromé, pointe noire",
            "StandardisedArticleDescription": "Tournevis Evox pour vis Pozidriv®-Supadriv®, chromé, pointe noire",
            "GenArtNo": -10013
        }
    ],
    "HasPartList": false,
    "HasTextInfo": false,
    "LogoBrand": [
        {
            "Name": "05.jpg",
            "Extension": "JPG",
            "Path": "/img/10013/05.jpg"
        }
    ],
    "Pictures": [
        {
            "Name": "1209E_slash_PZ.jpg",
            "Extension": "JPG",
            "Path": "/img/10013/1209E_slash_PZ.jpg",
            "SortNo": 1
        }
    ],
    "Replaced_by": [],
    "Replaces": [],
    "Status": "",
    "TradeNo": [
        "012091012"
    ],
    "URL": []
}