{
    "ArtNo": "1209EN/PZ",
    "Attributs": [
        {
            "Attribute": "Description",
            "Value": "Tournevis Evox à lame courte pour vis Pozidriv®-Supadriv®",
            "SortNo": 1
        },
        {
            "Attribute": "PZ",
            "Value": "2",
            "SortNo": 2
        },
        {
            "Attribute": "L\nmm",
            "Value": "30",
            "SortNo": 3
        },
        {
            "Attribute": "L1\nmm",
            "Value": "87",
            "SortNo": 4
        }
    ],
    "BrandName": "BetaEVOX",
    "BrandNo": "10013",
    "Documents": [],
    "GTIN": [
        "8054809134949"
    ],
    "GenArts": [
        {
            "Description": "Tournevis Evox à lame courte pour vis Pozidriv®-Supadriv®",
            "StandardisedArticleDescription": "Tournevis Evox à lame courte pour vis Pozidriv®-Supadriv®",
            "GenArtNo": -10013
        }
    ],
    "HasPartList": false,
    "HasTextInfo": false,
    "LogoBrand": [
        {
            "Name": "05.jpg",
            "Extension": "JPG",
            "Path": "/img/10013/05.jpg"
        }
    ],
    "Pictures": [
        {
            "Name": "1209EN_slash_PZ.jpg",
            "Extension": "JPG",
            "Path": "/img/10013/1209EN_slash_PZ.jpg",
            "SortNo": 1
        }
    ],
    "Replaced_by": [],
    "Replaces": [],
    "Status": "",
    "TradeNo": [
        "012091106"
    ],
    "URL": []
}