{
    "ArtNo": "120/B6N",
    "Attributs": [
        {
            "Attribute": "Description",
            "Value": "Portefeuille d’outils enroulable en polyester durable, vide",
            "SortNo": 1
        }
    ],
    "BrandName": "Beta",
    "BrandNo": "10013",
    "Documents": [],
    "GTIN": [
        "8054809245706"
    ],
    "GenArts": [
        {
            "Description": "Portefeuille d’outils enroulable en polyester durable, vide",
            "StandardisedArticleDescription": "Portefeuille d’outils enroulable en polyester durable, vide",
            "GenArtNo": -10013
        }
    ],
    "HasPartList": false,
    "HasTextInfo": false,
    "LogoBrand": [
        {
            "Name": "02.jpg",
            "Extension": "JPG",
            "Path": "/img/10013/02.jpg"
        }
    ],
    "Pictures": [
        {
            "Name": "120_slash_B6N.jpg",
            "Extension": "JPG",
            "Path": "/img/10013/120_slash_B6N.jpg",
            "SortNo": 1
        }
    ],
    "Replaced_by": [],
    "Replaces": [],
    "Status": "",
    "TradeNo": [
        "020020010"
    ],
    "URL": []
}