{
    "ArtNo": "1210E/GE",
    "Attributs": [
        {
            "Attribute": "Description",
            "Value": "Tournevis électrique Evox-E",
            "SortNo": 1
        },
        {
            "Attribute": "",
            "Value": "150",
            "SortNo": 2
        }
    ],
    "BrandName": "BetaEVOX",
    "BrandNo": "10013",
    "Documents": [],
    "GTIN": [
        "8054809370194"
    ],
    "GenArts": [
        {
            "Description": "Tournevis électrique Evox-E",
            "StandardisedArticleDescription": "Tournevis électrique Evox-E",
            "GenArtNo": -10013
        }
    ],
    "HasPartList": false,
    "HasTextInfo": false,
    "LogoBrand": [
        {
            "Name": "05.jpg",
            "Extension": "JPG",
            "Path": "/img/10013/05.jpg"
        }
    ],
    "Pictures": [
        {
            "Name": "1210E_slash_GE.jpg",
            "Extension": "JPG",
            "Path": "/img/10013/1210E_slash_GE.jpg",
            "SortNo": 1
        }
    ],
    "Replaced_by": [],
    "Replaces": [],
    "Status": "",
    "TradeNo": [
        "012100701"
    ],
    "URL": []
}