{
    "ArtNo": "1229LP/A6",
    "Attributs": [
        {
            "Attribute": "Description",
            "Value": "Jeu de 6 micro-tournevis pour vis à fente (art. 1229LP) en coffret",
            "SortNo": 1
        }
    ],
    "BrandName": "Beta",
    "BrandNo": "10013",
    "Documents": [],
    "GTIN": [
        "8014230516523"
    ],
    "GenArts": [
        {
            "Description": "Jeu de 6 micro-tournevis pour vis à fente (art. 1229LP) en coffret",
            "StandardisedArticleDescription": "Jeu de 6 micro-tournevis pour vis à fente (art. 1229LP) en coffret",
            "GenArtNo": -10013
        }
    ],
    "HasPartList": false,
    "HasTextInfo": false,
    "LogoBrand": [
        {
            "Name": "14.jpg",
            "Extension": "JPG",
            "Path": "/img/10013/14.jpg"
        }
    ],
    "Pictures": [
        {
            "Name": "1229LP_slash_A6.jpg",
            "Extension": "JPG",
            "Path": "/img/10013/1229LP_slash_A6.jpg",
            "SortNo": 1
        }
    ],
    "Replaced_by": [],
    "Replaces": [],
    "Status": "",
    "TradeNo": [
        "012290300"
    ],
    "URL": []
}