{
    "ArtNo": "1236B",
    "Attributs": [
        {
            "Attribute": "Description",
            "Value": "Tournevis coudé pour vis à fente",
            "SortNo": 1
        },
        {
            "Attribute": "SxA \nmm",
            "Value": "1,2x8",
            "SortNo": 2
        },
        {
            "Attribute": "L \nmm",
            "Value": "150",
            "SortNo": 3
        }
    ],
    "BrandName": "Beta",
    "BrandNo": "10013",
    "Documents": [],
    "GTIN": [
        "8014230512020"
    ],
    "GenArts": [
        {
            "Description": "Tournevis coudé pour vis à fente",
            "StandardisedArticleDescription": "Tournevis coudé pour vis à fente",
            "GenArtNo": -10013
        }
    ],
    "HasPartList": false,
    "HasTextInfo": false,
    "LogoBrand": [
        {
            "Name": "05.jpg",
            "Extension": "JPG",
            "Path": "/img/10013/05.jpg"
        }
    ],
    "Pictures": [
        {
            "Name": "1236B.jpg",
            "Extension": "JPG",
            "Path": "/img/10013/1236B.jpg",
            "SortNo": 1
        }
    ],
    "Replaced_by": [],
    "Replaces": [],
    "Status": "",
    "TradeNo": [
        "012360204"
    ],
    "URL": []
}