{
    "ArtNo": "1238B",
    "Attributs": [
        {
            "Attribute": "Description",
            "Value": "Tournevis coudé pour vis Phillips®",
            "SortNo": 1
        },
        {
            "Attribute": "PH",
            "Value": "3-4",
            "SortNo": 2
        },
        {
            "Attribute": "L \nmm",
            "Value": "200",
            "SortNo": 3
        }
    ],
    "BrandName": "Beta",
    "BrandNo": "10013",
    "Documents": [],
    "GTIN": [
        "8014230512044"
    ],
    "GenArts": [
        {
            "Description": "Tournevis coudé pour vis Phillips®",
            "StandardisedArticleDescription": "Tournevis coudé pour vis Phillips®",
            "GenArtNo": -10013
        }
    ],
    "HasPartList": false,
    "HasTextInfo": false,
    "LogoBrand": [
        {
            "Name": "05.jpg",
            "Extension": "JPG",
            "Path": "/img/10013/05.jpg"
        }
    ],
    "Pictures": [
        {
            "Name": "1238B.jpg",
            "Extension": "JPG",
            "Path": "/img/10013/1238B.jpg",
            "SortNo": 1
        }
    ],
    "Replaced_by": [],
    "Replaces": [],
    "Status": "",
    "TradeNo": [
        "012380203"
    ],
    "URL": []
}