{
    "ArtNo": "123/K4",
    "Attributs": [
        {
            "Attribute": "Description",
            "Value": "Kit de 4 adaptateurs pour clés à cliquet : 1 adaptateur porte-embouts 3 adaptateurs pour douilles à déverrouillage rapide",
            "SortNo": 1
        }
    ],
    "BrandName": "Beta",
    "BrandNo": "10013",
    "Documents": [],
    "GTIN": [
        "8014230487045"
    ],
    "GenArts": [
        {
            "Description": "Kit de 4 adaptateurs pour clés à cliquet : 1 adaptateur porte-embouts 3 adaptateurs pour douilles à déverrouillage rapide",
            "StandardisedArticleDescription": "Kit de 4 adaptateurs pour clés à cliquet : 1 adaptateur porte-embouts 3 adaptateurs pour douilles à déverrouillage rapide",
            "GenArtNo": -10013
        }
    ],
    "HasPartList": false,
    "HasTextInfo": false,
    "LogoBrand": [
        {
            "Name": "02.jpg",
            "Extension": "JPG",
            "Path": "/img/10013/02.jpg"
        }
    ],
    "Pictures": [
        {
            "Name": "123_slash_K4_GDO.jpg",
            "Extension": "JPG",
            "Path": "/img/10013/123_slash_K4_GDO.jpg",
            "SortNo": 1
        }
    ],
    "Replaced_by": [],
    "Replaces": [],
    "Status": "",
    "TradeNo": [
        "001230504"
    ],
    "URL": []
}