{
    "ArtNo": "123Q1/2",
    "Attributs": [
        {
            "Attribute": "Description",
            "Value": "Adaptateur pour douilles 1/2\" à déverrouillage rapide, pour clés à cliquet 19 mm",
            "SortNo": 1
        },
        {
            "Attribute": " \nmm",
            "Value": "19",
            "SortNo": 2
        },
        {
            "Attribute": "L \nmm",
            "Value": "30,5",
            "SortNo": 3
        }
    ],
    "BrandName": "Beta",
    "BrandNo": "10013",
    "Documents": [],
    "GTIN": [
        "8014230487021"
    ],
    "GenArts": [
        {
            "Description": "Adaptateur pour douilles 1/2\" à déverrouillage rapide, pour clés à cliquet 19 mm",
            "StandardisedArticleDescription": "Adaptateur pour douilles 1/2\" à déverrouillage rapide, pour clés à cliquet 19 mm",
            "GenArtNo": -10013
        }
    ],
    "HasPartList": false,
    "HasTextInfo": false,
    "LogoBrand": [
        {
            "Name": "02.jpg",
            "Extension": "JPG",
            "Path": "/img/10013/02.jpg"
        }
    ],
    "Pictures": [
        {
            "Name": "123Q1_slash_2.jpg",
            "Extension": "JPG",
            "Path": "/img/10013/123Q1_slash_2.jpg",
            "SortNo": 1
        }
    ],
    "Replaced_by": [],
    "Replaces": [],
    "Status": "",
    "TradeNo": [
        "001230319"
    ],
    "URL": []
}