{
    "ArtNo": "123Q3/8",
    "Attributs": [
        {
            "Attribute": "Description",
            "Value": "Adaptateur pour douilles 3/8\" à déverrouillage rapide, pour clés à cliquet 13 mm",
            "SortNo": 1
        },
        {
            "Attribute": " \nmm",
            "Value": "13",
            "SortNo": 2
        },
        {
            "Attribute": "L \nmm",
            "Value": "22,5",
            "SortNo": 3
        }
    ],
    "BrandName": "Beta",
    "BrandNo": "10013",
    "Documents": [],
    "GTIN": [
        "8014230487007"
    ],
    "GenArts": [
        {
            "Description": "Adaptateur pour douilles 3/8\" à déverrouillage rapide, pour clés à cliquet 13 mm",
            "StandardisedArticleDescription": "Adaptateur pour douilles 3/8\" à déverrouillage rapide, pour clés à cliquet 13 mm",
            "GenArtNo": -10013
        }
    ],
    "HasPartList": false,
    "HasTextInfo": false,
    "LogoBrand": [
        {
            "Name": "02.jpg",
            "Extension": "JPG",
            "Path": "/img/10013/02.jpg"
        }
    ],
    "Pictures": [
        {
            "Name": "123Q3_slash_8.jpg",
            "Extension": "JPG",
            "Path": "/img/10013/123Q3_slash_8.jpg",
            "SortNo": 1
        }
    ],
    "Replaced_by": [],
    "Replaces": [],
    "Status": "",
    "TradeNo": [
        "001230313"
    ],
    "URL": []
}