{
    "ArtNo": "1242",
    "Attributs": [
        {
            "Attribute": "Description",
            "Value": "Tournevis avec tête en acier pour vis Phillips®",
            "SortNo": 1
        },
        {
            "Attribute": "PHxDxL \nmm",
            "Value": "4x11x200",
            "SortNo": 2
        },
        {
            "Attribute": "L1 \nmm",
            "Value": "325",
            "SortNo": 3
        }
    ],
    "BrandName": "Beta",
    "BrandNo": "10013",
    "Documents": [],
    "GTIN": [
        "8014230497976"
    ],
    "GenArts": [
        {
            "Description": "Tournevis avec tête en acier pour vis Phillips®",
            "StandardisedArticleDescription": "Tournevis avec tête en acier pour vis Phillips®",
            "GenArtNo": -10013
        }
    ],
    "HasPartList": false,
    "HasTextInfo": false,
    "LogoBrand": [
        {
            "Name": "05.jpg",
            "Extension": "JPG",
            "Path": "/img/10013/05.jpg"
        }
    ],
    "Pictures": [
        {
            "Name": "1242.jpg",
            "Extension": "JPG",
            "Path": "/img/10013/1242.jpg",
            "SortNo": 1
        }
    ],
    "Replaced_by": [],
    "Replaces": [],
    "Status": "",
    "TradeNo": [
        "012420224"
    ],
    "URL": []
}