{
    "ArtNo": "1243LP/D6",
    "Attributs": [
        {
            "Attribute": "Description",
            "Value": "Jeu de 6 tournevis à zone de frappe pour vis à fente",
            "SortNo": 1
        }
    ],
    "BrandName": "Beta",
    "BrandNo": "10013",
    "Documents": [],
    "GTIN": [
        "8054809326108"
    ],
    "GenArts": [
        {
            "Description": "Jeu de 6 tournevis à zone de frappe pour vis à fente",
            "StandardisedArticleDescription": "Jeu de 6 tournevis à zone de frappe pour vis à fente",
            "GenArtNo": -10013
        }
    ],
    "HasPartList": false,
    "HasTextInfo": false,
    "LogoBrand": [
        {
            "Name": "05.jpg",
            "Extension": "JPG",
            "Path": "/img/10013/05.jpg"
        }
    ],
    "Pictures": [
        {
            "Name": "1243LP_slash_D6.jpg",
            "Extension": "JPG",
            "Path": "/img/10013/1243LP_slash_D6.jpg",
            "SortNo": 1
        }
    ],
    "Replaced_by": [],
    "Replaces": [],
    "Status": "",
    "TradeNo": [
        "012430016"
    ],
    "URL": []
}