{
    "ArtNo": "1243/D7",
    "Attributs": [
        {
            "Attribute": "Description",
            "Value": "Jeu de 7 tournevis (art. 1241, 1242)",
            "SortNo": 1
        }
    ],
    "BrandName": "Beta",
    "BrandNo": "10013",
    "Documents": [],
    "GTIN": [
        "8014230517544"
    ],
    "GenArts": [
        {
            "Description": "Jeu de 7 tournevis (art. 1241, 1242)",
            "StandardisedArticleDescription": "Jeu de 7 tournevis (art. 1241, 1242)",
            "GenArtNo": -10013
        }
    ],
    "HasPartList": false,
    "HasTextInfo": false,
    "LogoBrand": [
        {
            "Name": "05.jpg",
            "Extension": "JPG",
            "Path": "/img/10013/05.jpg"
        }
    ],
    "Pictures": [
        {
            "Name": "1243_slash_D7.jpg",
            "Extension": "JPG",
            "Path": "/img/10013/1243_slash_D7.jpg",
            "SortNo": 1
        }
    ],
    "Replaced_by": [],
    "Replaces": [],
    "Status": "",
    "TradeNo": [
        "012430017"
    ],
    "URL": []
}