{
    "ArtNo": "1243/S11",
    "Attributs": [
        {
            "Attribute": "Description",
            "Value": "Jeu de 11 tournevis à zone de frappe",
            "SortNo": 1
        }
    ],
    "BrandName": "Beta",
    "BrandNo": "10013",
    "Documents": [],
    "GTIN": [
        "8054809326115"
    ],
    "GenArts": [
        {
            "Description": "Jeu de 11 tournevis à zone de frappe",
            "StandardisedArticleDescription": "Jeu de 11 tournevis à zone de frappe",
            "GenArtNo": -10013
        }
    ],
    "HasPartList": false,
    "HasTextInfo": false,
    "LogoBrand": [
        {
            "Name": "05.jpg",
            "Extension": "JPG",
            "Path": "/img/10013/05.jpg"
        }
    ],
    "Pictures": [
        {
            "Name": "1243_slash_S11.jpg",
            "Extension": "JPG",
            "Path": "/img/10013/1243_slash_S11.jpg",
            "SortNo": 1
        }
    ],
    "Replaced_by": [],
    "Replaces": [],
    "Status": "",
    "TradeNo": [
        "012430021"
    ],
    "URL": []
}