{
    "ArtNo": "1253",
    "Attributs": [
        {
            "Attribute": "Description",
            "Value": "Tournevis détecteur de tension 150/250V",
            "SortNo": 1
        },
        {
            "Attribute": "SxAxL \nmm",
            "Value": "0,5x3,5x100",
            "SortNo": 2
        },
        {
            "Attribute": "L1 \nmm",
            "Value": "190",
            "SortNo": 3
        }
    ],
    "BrandName": "Beta",
    "BrandNo": "10013",
    "Documents": [],
    "GTIN": [
        "8014230616629"
    ],
    "GenArts": [
        {
            "Description": "Tournevis détecteur de tension 150/250V",
            "StandardisedArticleDescription": "Tournevis détecteur de tension 150/250V",
            "GenArtNo": -10013
        }
    ],
    "HasPartList": false,
    "HasTextInfo": false,
    "LogoBrand": [
        {
            "Name": "15.jpg",
            "Extension": "JPG",
            "Path": "/img/10013/15.jpg"
        }
    ],
    "Pictures": [
        {
            "Name": "1253.jpg",
            "Extension": "JPG",
            "Path": "/img/10013/1253.jpg",
            "SortNo": 1
        }
    ],
    "Replaced_by": [],
    "Replaces": [],
    "Status": "",
    "TradeNo": [
        "012530001"
    ],
    "URL": []
}