{
    "ArtNo": "1254",
    "Attributs": [
        {
            "Attribute": "Description",
            "Value": "Tournevis détecteur de tension à pince crocodile 6/24 V",
            "SortNo": 1
        },
        {
            "Attribute": "SxAxL \nmm",
            "Value": "0,5x3x44",
            "SortNo": 2
        },
        {
            "Attribute": "L1 \nmm",
            "Value": "123",
            "SortNo": 3
        }
    ],
    "BrandName": "Beta",
    "BrandNo": "10013",
    "Documents": [],
    "GTIN": [
        "8014230616643"
    ],
    "GenArts": [
        {
            "Description": "Tournevis détecteur de tension à pince crocodile 6/24 V",
            "StandardisedArticleDescription": "Tournevis détecteur de tension à pince crocodile 6/24 V",
            "GenArtNo": -10013
        }
    ],
    "HasPartList": false,
    "HasTextInfo": false,
    "LogoBrand": [
        {
            "Name": "16.jpg",
            "Extension": "JPG",
            "Path": "/img/10013/16.jpg"
        }
    ],
    "Pictures": [
        {
            "Name": "1254.jpg",
            "Extension": "JPG",
            "Path": "/img/10013/1254.jpg",
            "SortNo": 1
        }
    ],
    "Replaced_by": [],
    "Replaces": [],
    "Status": "",
    "TradeNo": [
        "012540001"
    ],
    "URL": []
}