{
    "ArtNo": "1256LP",
    "Attributs": [
        {
            "Attribute": "Description",
            "Value": "Embout 4 mm pour vis à fente",
            "SortNo": 1
        },
        {
            "Attribute": "SxA \nmm",
            "Value": "0,8x4,0",
            "SortNo": 2
        },
        {
            "Attribute": "L \nmm",
            "Value": "27",
            "SortNo": 3
        }
    ],
    "BrandName": "Beta",
    "BrandNo": "10013",
    "Documents": [],
    "GTIN": [
        "8014230698724"
    ],
    "GenArts": [
        {
            "Description": "Embout 4 mm pour vis à fente",
            "StandardisedArticleDescription": "Embout 4 mm pour vis à fente",
            "GenArtNo": -10013
        }
    ],
    "HasPartList": false,
    "HasTextInfo": false,
    "LogoBrand": [
        {
            "Name": "14.jpg",
            "Extension": "JPG",
            "Path": "/img/10013/14.jpg"
        }
    ],
    "Pictures": [
        {
            "Name": "1256LP.jpg",
            "Extension": "JPG",
            "Path": "/img/10013/1256LP.jpg",
            "SortNo": 1
        }
    ],
    "Replaced_by": [],
    "Replaces": [],
    "Status": "",
    "TradeNo": [
        "012560009"
    ],
    "URL": []
}