{
    "ArtNo": "1256RTX",
    "Attributs": [
        {
            "Attribute": "Description",
            "Value": "Embout 4 mm pour vis à Tamper Resistant Torx®",
            "SortNo": 1
        },
        {
            "Attribute": "",
            "Value": "T10",
            "SortNo": 2
        },
        {
            "Attribute": "L \nmm",
            "Value": "27",
            "SortNo": 3
        }
    ],
    "BrandName": "Beta",
    "BrandNo": "10013",
    "Documents": [],
    "GTIN": [
        "8014230698953"
    ],
    "GenArts": [
        {
            "Description": "Embout 4 mm pour vis à Tamper Resistant Torx®",
            "StandardisedArticleDescription": "Embout 4 mm pour vis à Tamper Resistant Torx®",
            "GenArtNo": -10013
        }
    ],
    "HasPartList": false,
    "HasTextInfo": false,
    "LogoBrand": [
        {
            "Name": "14.jpg",
            "Extension": "JPG",
            "Path": "/img/10013/14.jpg"
        }
    ],
    "Pictures": [
        {
            "Name": "1256RTX.jpg",
            "Extension": "JPG",
            "Path": "/img/10013/1256RTX.jpg",
            "SortNo": 1
        }
    ],
    "Replaced_by": [],
    "Replaces": [],
    "Status": "",
    "TradeNo": [
        "012560055"
    ],
    "URL": []
}