{
    "ArtNo": "1256/C36-2",
    "Attributs": [
        {
            "Attribute": "Description",
            "Value": "Micro-tournevis avec 36 embouts interchangeables de 4 mm et rallonge magnétique, poignée bi-matière",
            "SortNo": 1
        }
    ],
    "BrandName": "Beta",
    "BrandNo": "10013",
    "Documents": [],
    "GTIN": [
        "8014230634104"
    ],
    "GenArts": [
        {
            "Description": "Micro-tournevis avec 36 embouts interchangeables de 4 mm et rallonge magnétique, poignée bi-matière",
            "StandardisedArticleDescription": "Micro-tournevis avec 36 embouts interchangeables de 4 mm et rallonge magnétique, poignée bi-matière",
            "GenArtNo": -10013
        }
    ],
    "HasPartList": false,
    "HasTextInfo": false,
    "LogoBrand": [
        {
            "Name": "14.jpg",
            "Extension": "JPG",
            "Path": "/img/10013/14.jpg"
        }
    ],
    "Pictures": [
        {
            "Name": "1256_slash_C36-2.jpg",
            "Extension": "JPG",
            "Path": "/img/10013/1256_slash_C36-2.jpg",
            "SortNo": 1
        }
    ],
    "Replaced_by": [],
    "Replaces": [],
    "Status": "",
    "TradeNo": [
        "012560100"
    ],
    "URL": []
}