{
    "ArtNo": "1256/20",
    "Attributs": [
        {
            "Attribute": "Description",
            "Value": "Rallonge avec entraînements hexagonaux mâle et femelle de 4 mm",
            "SortNo": 1
        }
    ],
    "BrandName": "Beta",
    "BrandNo": "10013",
    "Documents": [],
    "GTIN": [
        "8014230699011"
    ],
    "GenArts": [
        {
            "Description": "Rallonge avec entraînements hexagonaux mâle et femelle de 4 mm",
            "StandardisedArticleDescription": "Rallonge avec entraînements hexagonaux mâle et femelle de 4 mm",
            "GenArtNo": -10013
        }
    ],
    "HasPartList": false,
    "HasTextInfo": false,
    "LogoBrand": [
        {
            "Name": "14.jpg",
            "Extension": "JPG",
            "Path": "/img/10013/14.jpg"
        }
    ],
    "Pictures": [
        {
            "Name": "1256_slash_20.jpg",
            "Extension": "JPG",
            "Path": "/img/10013/1256_slash_20.jpg",
            "SortNo": 1
        }
    ],
    "Replaced_by": [],
    "Replaces": [],
    "Status": "",
    "TradeNo": [
        "012560092"
    ],
    "URL": []
}