{
    "ArtNo": "1256/30",
    "Attributs": [
        {
            "Attribute": "Description",
            "Value": "Poignée porte-embouts de 4 mm",
            "SortNo": 1
        },
        {
            "Attribute": "L \nmm",
            "Value": "110",
            "SortNo": 2
        }
    ],
    "BrandName": "Beta",
    "BrandNo": "10013",
    "Documents": [],
    "GTIN": [
        "8014230699028"
    ],
    "GenArts": [
        {
            "Description": "Poignée porte-embouts de 4 mm",
            "StandardisedArticleDescription": "Poignée porte-embouts de 4 mm",
            "GenArtNo": -10013
        }
    ],
    "HasPartList": false,
    "HasTextInfo": false,
    "LogoBrand": [
        {
            "Name": "14.jpg",
            "Extension": "JPG",
            "Path": "/img/10013/14.jpg"
        }
    ],
    "Pictures": [
        {
            "Name": "1256_slash_30.jpg",
            "Extension": "JPG",
            "Path": "/img/10013/1256_slash_30.jpg",
            "SortNo": 1
        }
    ],
    "Replaced_by": [],
    "Replaces": [],
    "Status": "",
    "TradeNo": [
        "012560097"
    ],
    "URL": []
}