{
    "ArtNo": "1257LPH/S8",
    "Attributs": [
        {
            "Attribute": "Description",
            "Value": "Jeu de 8 micro-tournevis (art. 1257LP, 1257PH) en coffret",
            "SortNo": 1
        }
    ],
    "BrandName": "Beta",
    "BrandNo": "10013",
    "Documents": [],
    "GTIN": [
        "8014230758992"
    ],
    "GenArts": [
        {
            "Description": "Jeu de 8 micro-tournevis (art. 1257LP, 1257PH) en coffret",
            "StandardisedArticleDescription": "Jeu de 8 micro-tournevis (art. 1257LP, 1257PH) en coffret",
            "GenArtNo": -10013
        }
    ],
    "HasPartList": false,
    "HasTextInfo": false,
    "LogoBrand": [
        {
            "Name": "14.jpg",
            "Extension": "JPG",
            "Path": "/img/10013/14.jpg"
        }
    ],
    "Pictures": [
        {
            "Name": "1257LPH_slash_S8.jpg",
            "Extension": "JPG",
            "Path": "/img/10013/1257LPH_slash_S8.jpg",
            "SortNo": 1
        }
    ],
    "Replaced_by": [],
    "Replaces": [],
    "Status": "",
    "TradeNo": [
        "012570210"
    ],
    "URL": []
}