{
    "ArtNo": "1257LP",
    "Attributs": [
        {
            "Attribute": "Description",
            "Value": "Micro-tournevis pour vis à fente",
            "SortNo": 1
        },
        {
            "Attribute": "SxD \nmm",
            "Value": "0,8x4",
            "SortNo": 2
        },
        {
            "Attribute": "L \nmm",
            "Value": "60",
            "SortNo": 3
        }
    ],
    "BrandName": "Beta",
    "BrandNo": "10013",
    "Documents": [],
    "GTIN": [
        "8014230657585"
    ],
    "GenArts": [
        {
            "Description": "Micro-tournevis pour vis à fente",
            "StandardisedArticleDescription": "Micro-tournevis pour vis à fente",
            "GenArtNo": -10013
        }
    ],
    "HasPartList": false,
    "HasTextInfo": false,
    "LogoBrand": [
        {
            "Name": "14.jpg",
            "Extension": "JPG",
            "Path": "/img/10013/14.jpg"
        }
    ],
    "Pictures": [
        {
            "Name": "1257LP.jpg",
            "Extension": "JPG",
            "Path": "/img/10013/1257LP.jpg",
            "SortNo": 1
        }
    ],
    "Replaced_by": [],
    "Replaces": [],
    "Status": "",
    "TradeNo": [
        "012570040"
    ],
    "URL": []
}