{
    "ArtNo": "1257TX",
    "Attributs": [
        {
            "Attribute": "Description",
            "Value": "Micro-tournevis pour vis Torx®",
            "SortNo": 1
        },
        {
            "Attribute": "",
            "Value": "T20",
            "SortNo": 2
        },
        {
            "Attribute": "L \nmm",
            "Value": "60",
            "SortNo": 3
        }
    ],
    "BrandName": "Beta",
    "BrandNo": "10013",
    "Documents": [],
    "GTIN": [
        "8014230657752"
    ],
    "GenArts": [
        {
            "Description": "Micro-tournevis pour vis Torx®",
            "StandardisedArticleDescription": "Micro-tournevis pour vis Torx®",
            "GenArtNo": -10013
        }
    ],
    "HasPartList": false,
    "HasTextInfo": false,
    "LogoBrand": [
        {
            "Name": "14.jpg",
            "Extension": "JPG",
            "Path": "/img/10013/14.jpg"
        }
    ],
    "Pictures": [
        {
            "Name": "1257TX.jpg",
            "Extension": "JPG",
            "Path": "/img/10013/1257TX.jpg",
            "SortNo": 1
        }
    ],
    "Replaced_by": [],
    "Replaces": [],
    "Status": "",
    "TradeNo": [
        "012570082"
    ],
    "URL": []
}