{
    "ArtNo": "1257PH",
    "Attributs": [
        {
            "Attribute": "Description",
            "Value": "Micro-tournevis pour vis Phillips®",
            "SortNo": 1
        },
        {
            "Attribute": "PH",
            "Value": "1",
            "SortNo": 2
        },
        {
            "Attribute": "L \nmm",
            "Value": "60",
            "SortNo": 3
        }
    ],
    "BrandName": "Beta",
    "BrandNo": "10013",
    "Documents": [],
    "GTIN": [
        "8014230657677"
    ],
    "GenArts": [
        {
            "Description": "Micro-tournevis pour vis Phillips®",
            "StandardisedArticleDescription": "Micro-tournevis pour vis Phillips®",
            "GenArtNo": -10013
        }
    ],
    "HasPartList": false,
    "HasTextInfo": false,
    "LogoBrand": [
        {
            "Name": "14.jpg",
            "Extension": "JPG",
            "Path": "/img/10013/14.jpg"
        }
    ],
    "Pictures": [
        {
            "Name": "1257PH.jpg",
            "Extension": "JPG",
            "Path": "/img/10013/1257PH.jpg",
            "SortNo": 1
        }
    ],
    "Replaced_by": [],
    "Replaces": [],
    "Status": "",
    "TradeNo": [
        "012570066"
    ],
    "URL": []
}