{
    "ArtNo": "1257LP/S",
    "Attributs": [
        {
            "Attribute": "Description",
            "Value": "Jeu de 8 micro-tournevis pour vis à fente (art. 1255LP) en coffret",
            "SortNo": 1
        }
    ],
    "BrandName": "Beta",
    "BrandNo": "10013",
    "Documents": [],
    "GTIN": [
        "8014230758978"
    ],
    "GenArts": [
        {
            "Description": "Jeu de 8 micro-tournevis pour vis à fente (art. 1255LP) en coffret",
            "StandardisedArticleDescription": "Jeu de 8 micro-tournevis pour vis à fente (art. 1255LP) en coffret",
            "GenArtNo": -10013
        }
    ],
    "HasPartList": false,
    "HasTextInfo": false,
    "LogoBrand": [
        {
            "Name": "14.jpg",
            "Extension": "JPG",
            "Path": "/img/10013/14.jpg"
        }
    ],
    "Pictures": [
        {
            "Name": "1257LP_slash_S.jpg",
            "Extension": "JPG",
            "Path": "/img/10013/1257LP_slash_S.jpg",
            "SortNo": 1
        }
    ],
    "Replaced_by": [],
    "Replaces": [],
    "Status": "",
    "TradeNo": [
        "012570200"
    ],
    "URL": []
}