{
    "ArtNo": "1260",
    "Attributs": [
        {
            "Attribute": "Description",
            "Value": "Tournevis pour vis à fente",
            "SortNo": 1
        },
        {
            "Attribute": "SxAxL\nmm",
            "Value": "2x14x250",
            "SortNo": 2
        },
        {
            "Attribute": "L1\nmm",
            "Value": "377",
            "SortNo": 3
        },
        {
            "Attribute": "\ng",
            "Value": "",
            "SortNo": 4
        },
        {
            "Attribute": "Ø\nmm",
            "Value": "10",
            "SortNo": 5
        }
    ],
    "BrandName": "BetaGRIP",
    "BrandNo": "10013",
    "Documents": [],
    "GTIN": [
        "8014230847511"
    ],
    "GenArts": [
        {
            "Description": "Tournevis pour vis à fente",
            "StandardisedArticleDescription": "Tournevis pour vis à fente",
            "GenArtNo": -10013
        }
    ],
    "HasPartList": false,
    "HasTextInfo": false,
    "LogoBrand": [
        {
            "Name": "05.jpg",
            "Extension": "JPG",
            "Path": "/img/10013/05.jpg"
        }
    ],
    "Pictures": [
        {
            "Name": "1260.jpg",
            "Extension": "JPG",
            "Path": "/img/10013/1260.jpg",
            "SortNo": 1
        }
    ],
    "Replaced_by": [],
    "Replaces": [],
    "Status": "",
    "TradeNo": [
        "012600073"
    ],
    "URL": []
}