{
    "ArtNo": "1260E",
    "Attributs": [
        {
            "Attribute": "Description",
            "Value": "Tournevis 6 pans pour vis à fente",
            "SortNo": 1
        },
        {
            "Attribute": "SxAxL \nmm",
            "Value": "2x12x250",
            "SortNo": 2
        },
        {
            "Attribute": "L1 \nmm",
            "Value": "377",
            "SortNo": 3
        },
        {
            "Attribute": " \ng",
            "Value": "300,0",
            "SortNo": 4
        },
        {
            "Attribute": "Ø \nmm",
            "Value": "9,5",
            "SortNo": 5
        }
    ],
    "BrandName": "BetaGRIP",
    "BrandNo": "10013",
    "Documents": [],
    "GTIN": [
        "8014230604053"
    ],
    "GenArts": [
        {
            "Description": "Tournevis 6 pans pour vis à fente",
            "StandardisedArticleDescription": "Tournevis 6 pans pour vis à fente",
            "GenArtNo": -10013
        }
    ],
    "HasPartList": false,
    "HasTextInfo": false,
    "LogoBrand": [
        {
            "Name": "05.jpg",
            "Extension": "JPG",
            "Path": "/img/10013/05.jpg"
        }
    ],
    "Pictures": [
        {
            "Name": "1260E.jpg",
            "Extension": "JPG",
            "Path": "/img/10013/1260E.jpg",
            "SortNo": 1
        }
    ],
    "Replaced_by": [],
    "Replaces": [],
    "Status": "",
    "TradeNo": [
        "012600162"
    ],
    "URL": []
}