{
    "ArtNo": "1260MC",
    "Attributs": [
        {
            "Attribute": "Description",
            "Value": "Tournevis pour vis à tête fendue, colorés",
            "SortNo": 1
        },
        {
            "Attribute": "SxAxL\nmm",
            "Value": "1,2x6,5x150",
            "SortNo": 2
        },
        {
            "Attribute": "L1\nmm",
            "Value": "269",
            "SortNo": 3
        },
        {
            "Attribute": "Ø\nmm",
            "Value": "6,0",
            "SortNo": 4
        },
        {
            "Attribute": "\ng",
            "Value": "110,0",
            "SortNo": 5
        }
    ],
    "BrandName": "BetaGRIP",
    "BrandNo": "10013",
    "Documents": [],
    "GTIN": [
        "8054809177793"
    ],
    "GenArts": [
        {
            "Description": "Tournevis pour vis à tête fendue, colorés",
            "StandardisedArticleDescription": "Tournevis pour vis à tête fendue, colorés",
            "GenArtNo": -10013
        }
    ],
    "HasPartList": false,
    "HasTextInfo": false,
    "LogoBrand": [
        {
            "Name": "05.jpg",
            "Extension": "JPG",
            "Path": "/img/10013/05.jpg"
        }
    ],
    "Pictures": [
        {
            "Name": "1260MC.jpg",
            "Extension": "JPG",
            "Path": "/img/10013/1260MC.jpg",
            "SortNo": 1
        }
    ],
    "Replaced_by": [],
    "Replaces": [],
    "Status": "",
    "TradeNo": [
        "012602051"
    ],
    "URL": []
}