{
    "ArtNo": "1262E",
    "Attributs": [
        {
            "Attribute": "Description",
            "Value": "Tournevis 6 pans pour vis Phillips®",
            "SortNo": 1
        },
        {
            "Attribute": "PHxDxL \nmm",
            "Value": "4x10x200",
            "SortNo": 2
        },
        {
            "Attribute": "L1 \nmm",
            "Value": "327",
            "SortNo": 3
        },
        {
            "Attribute": " \ng",
            "Value": "280,0",
            "SortNo": 4
        }
    ],
    "BrandName": "BetaGRIP",
    "BrandNo": "10013",
    "Documents": [],
    "GTIN": [
        "8014230604183"
    ],
    "GenArts": [
        {
            "Description": "Tournevis 6 pans pour vis Phillips®",
            "StandardisedArticleDescription": "Tournevis 6 pans pour vis Phillips®",
            "GenArtNo": -10013
        }
    ],
    "HasPartList": false,
    "HasTextInfo": false,
    "LogoBrand": [
        {
            "Name": "05.jpg",
            "Extension": "JPG",
            "Path": "/img/10013/05.jpg"
        }
    ],
    "Pictures": [
        {
            "Name": "1262E.jpg",
            "Extension": "JPG",
            "Path": "/img/10013/1262E.jpg",
            "SortNo": 1
        }
    ],
    "Replaced_by": [],
    "Replaces": [],
    "Status": "",
    "TradeNo": [
        "012620159"
    ],
    "URL": []
}