{
    "ArtNo": "1262MC",
    "Attributs": [
        {
            "Attribute": "Description",
            "Value": "Tournevis pour vis tête transversale Phillips®, colorées",
            "SortNo": 1
        },
        {
            "Attribute": "PHxDxL\nmm",
            "Value": "2x6x100",
            "SortNo": 2
        },
        {
            "Attribute": "L1\nmm",
            "Value": "219",
            "SortNo": 3
        },
        {
            "Attribute": "\ng",
            "Value": "99,4",
            "SortNo": 4
        }
    ],
    "BrandName": "BetaGRIP",
    "BrandNo": "10013",
    "Documents": [],
    "GTIN": [
        "8054809177823"
    ],
    "GenArts": [
        {
            "Description": "Tournevis pour vis tête transversale Phillips®, colorées",
            "StandardisedArticleDescription": "Tournevis pour vis tête transversale Phillips®, colorées",
            "GenArtNo": -10013
        }
    ],
    "HasPartList": false,
    "HasTextInfo": false,
    "LogoBrand": [
        {
            "Name": "05.jpg",
            "Extension": "JPG",
            "Path": "/img/10013/05.jpg"
        }
    ],
    "Pictures": [
        {
            "Name": "1262MC.jpg",
            "Extension": "JPG",
            "Path": "/img/10013/1262MC.jpg",
            "SortNo": 1
        }
    ],
    "Replaced_by": [],
    "Replaces": [],
    "Status": "",
    "TradeNo": [
        "012622018"
    ],
    "URL": []
}