{
    "ArtNo": "1262N",
    "Attributs": [
        {
            "Attribute": "Description",
            "Value": "Tournevis à lame courte pour vis Phillips®",
            "SortNo": 1
        },
        {
            "Attribute": "PHxDxL \nmm",
            "Value": "2x6x30",
            "SortNo": 2
        },
        {
            "Attribute": "L1 \nmm",
            "Value": "87",
            "SortNo": 3
        },
        {
            "Attribute": " \ng",
            "Value": "40,8",
            "SortNo": 4
        }
    ],
    "BrandName": "BetaGRIP",
    "BrandNo": "10013",
    "Documents": [],
    "GTIN": [
        "8014230604152"
    ],
    "GenArts": [
        {
            "Description": "Tournevis à lame courte pour vis Phillips®",
            "StandardisedArticleDescription": "Tournevis à lame courte pour vis Phillips®",
            "GenArtNo": -10013
        }
    ],
    "HasPartList": false,
    "HasTextInfo": false,
    "LogoBrand": [
        {
            "Name": "05.jpg",
            "Extension": "JPG",
            "Path": "/img/10013/05.jpg"
        }
    ],
    "Pictures": [
        {
            "Name": "1262N.jpg",
            "Extension": "JPG",
            "Path": "/img/10013/1262N.jpg",
            "SortNo": 1
        }
    ],
    "Replaced_by": [],
    "Replaces": [],
    "Status": "",
    "TradeNo": [
        "012620106"
    ],
    "URL": []
}