{
    "ArtNo": "1262L",
    "Attributs": [
        {
            "Attribute": "Description",
            "Value": "Tournevis à lame longue pour vis Phillips®",
            "SortNo": 1
        },
        {
            "Attribute": "PHxDxL \nmm",
            "Value": "2x6x400",
            "SortNo": 2
        },
        {
            "Attribute": "L1 \nmm",
            "Value": "519",
            "SortNo": 3
        },
        {
            "Attribute": " \ng",
            "Value": "165,3",
            "SortNo": 4
        }
    ],
    "BrandName": "BetaGRIP",
    "BrandNo": "10013",
    "Documents": [],
    "GTIN": [
        "8014230604213"
    ],
    "GenArts": [
        {
            "Description": "Tournevis à lame longue pour vis Phillips®",
            "StandardisedArticleDescription": "Tournevis à lame longue pour vis Phillips®",
            "GenArtNo": -10013
        }
    ],
    "HasPartList": false,
    "HasTextInfo": false,
    "LogoBrand": [
        {
            "Name": "05.jpg",
            "Extension": "JPG",
            "Path": "/img/10013/05.jpg"
        }
    ],
    "Pictures": [
        {
            "Name": "1262L.jpg",
            "Extension": "JPG",
            "Path": "/img/10013/1262L.jpg",
            "SortNo": 1
        }
    ],
    "Replaced_by": [],
    "Replaces": [],
    "Status": "",
    "TradeNo": [
        "012620209"
    ],
    "URL": []
}