{
    "ArtNo": "1263/S12",
    "Attributs": [
        {
            "Attribute": "Description",
            "Value": "Jeu de 12 tournevis (art. 1260, 1262)",
            "SortNo": 1
        }
    ],
    "BrandName": "BetaGRIP",
    "BrandNo": "10013",
    "Documents": [],
    "GTIN": [
        "8014230611167"
    ],
    "GenArts": [
        {
            "Description": "Jeu de 12 tournevis (art. 1260, 1262)",
            "StandardisedArticleDescription": "Jeu de 12 tournevis (art. 1260, 1262)",
            "GenArtNo": -10013
        }
    ],
    "HasPartList": false,
    "HasTextInfo": false,
    "LogoBrand": [
        {
            "Name": "05.jpg",
            "Extension": "JPG",
            "Path": "/img/10013/05.jpg"
        }
    ],
    "Pictures": [
        {
            "Name": "1263_slash_S12.jpg",
            "Extension": "JPG",
            "Path": "/img/10013/1263_slash_S12.jpg",
            "SortNo": 1
        }
    ],
    "Replaced_by": [],
    "Replaces": [],
    "Status": "",
    "TradeNo": [
        "012630112"
    ],
    "URL": []
}