{
    "ArtNo": "1265ES/S8",
    "Attributs": [
        {
            "Attribute": "Description",
            "Value": "Jeu de 8 clés mâles emmanchées pour vis 6 pans (art. 1265ES)",
            "SortNo": 1
        }
    ],
    "BrandName": "BetaGRIP",
    "BrandNo": "10013",
    "Documents": [],
    "GTIN": [
        "8014230611037"
    ],
    "GenArts": [
        {
            "Description": "Jeu de 8 clés mâles emmanchées pour vis 6 pans (art. 1265ES)",
            "StandardisedArticleDescription": "Jeu de 8 clés mâles emmanchées pour vis 6 pans (art. 1265ES)",
            "GenArtNo": -10013
        }
    ],
    "HasPartList": false,
    "HasTextInfo": false,
    "LogoBrand": [
        {
            "Name": "05.jpg",
            "Extension": "JPG",
            "Path": "/img/10013/05.jpg"
        }
    ],
    "Pictures": [
        {
            "Name": "1265ES_slash_S8.jpg",
            "Extension": "JPG",
            "Path": "/img/10013/1265ES_slash_S8.jpg",
            "SortNo": 1
        }
    ],
    "Replaced_by": [],
    "Replaces": [],
    "Status": "",
    "TradeNo": [
        "012650308"
    ],
    "URL": []
}