{
    "ArtNo": "1266BP",
    "Attributs": [
        {
            "Attribute": "Description",
            "Value": "Clé mâle emmanchée à tête sphérique pour vis 6 pans",
            "SortNo": 1
        },
        {
            "Attribute": "mm",
            "Value": "10",
            "SortNo": 2
        },
        {
            "Attribute": "L\nmm",
            "Value": "160",
            "SortNo": 3
        },
        {
            "Attribute": "L1\nmm",
            "Value": "287",
            "SortNo": 4
        },
        {
            "Attribute": "Ø\nmm",
            "Value": "12",
            "SortNo": 5
        }
    ],
    "BrandName": "BetaGRIP",
    "BrandNo": "10013",
    "Documents": [],
    "GTIN": [
        "8014230604503"
    ],
    "GenArts": [
        {
            "Description": "Clé mâle emmanchée à tête sphérique pour vis 6 pans",
            "StandardisedArticleDescription": "Clé mâle emmanchée à tête sphérique pour vis 6 pans",
            "GenArtNo": -10013
        }
    ],
    "HasPartList": false,
    "HasTextInfo": false,
    "LogoBrand": [
        {
            "Name": "05.jpg",
            "Extension": "JPG",
            "Path": "/img/10013/05.jpg"
        }
    ],
    "Pictures": [
        {
            "Name": "1266BP.jpg",
            "Extension": "JPG",
            "Path": "/img/10013/1266BP.jpg",
            "SortNo": 1
        }
    ],
    "Replaced_by": [],
    "Replaces": [],
    "Status": "",
    "TradeNo": [
        "012660100"
    ],
    "URL": []
}