{
    "ArtNo": "1267TX/S13",
    "Attributs": [
        {
            "Attribute": "Description",
            "Value": "Jeu de 13 tournevis pour vis Torx® (art. 1267TX)",
            "SortNo": 1
        }
    ],
    "BrandName": "BetaGRIP",
    "BrandNo": "10013",
    "Documents": [],
    "GTIN": [
        "8014230611051"
    ],
    "GenArts": [
        {
            "Description": "Jeu de 13 tournevis pour vis Torx® (art. 1267TX)",
            "StandardisedArticleDescription": "Jeu de 13 tournevis pour vis Torx® (art. 1267TX)",
            "GenArtNo": -10013
        }
    ],
    "HasPartList": false,
    "HasTextInfo": false,
    "LogoBrand": [
        {
            "Name": "05.jpg",
            "Extension": "JPG",
            "Path": "/img/10013/05.jpg"
        }
    ],
    "Pictures": [
        {
            "Name": "1267TX_slash_S13.jpg",
            "Extension": "JPG",
            "Path": "/img/10013/1267TX_slash_S13.jpg",
            "SortNo": 1
        }
    ],
    "Replaced_by": [],
    "Replaces": [],
    "Status": "",
    "TradeNo": [
        "012670312"
    ],
    "URL": []
}