{
    "ArtNo": "1267TX",
    "Attributs": [
        {
            "Attribute": "Description",
            "Value": "Tournevis pour vis Torx®",
            "SortNo": 1
        },
        {
            "Attribute": "",
            "Value": "T45",
            "SortNo": 2
        },
        {
            "Attribute": "L\nmm",
            "Value": "130",
            "SortNo": 3
        },
        {
            "Attribute": "L1\nmm",
            "Value": "257",
            "SortNo": 4
        },
        {
            "Attribute": "\ng",
            "Value": "152,5",
            "SortNo": 5
        },
        {
            "Attribute": "Ø\nmm",
            "Value": "8",
            "SortNo": 6
        }
    ],
    "BrandName": "BetaGRIP",
    "BrandNo": "10013",
    "Documents": [],
    "GTIN": [
        "8014230604633"
    ],
    "GenArts": [
        {
            "Description": "Tournevis pour vis Torx®",
            "StandardisedArticleDescription": "Tournevis pour vis Torx®",
            "GenArtNo": -10013
        }
    ],
    "HasPartList": false,
    "HasTextInfo": false,
    "LogoBrand": [
        {
            "Name": "05.jpg",
            "Extension": "JPG",
            "Path": "/img/10013/05.jpg"
        }
    ],
    "Pictures": [
        {
            "Name": "1267TX.jpg",
            "Extension": "JPG",
            "Path": "/img/10013/1267TX.jpg",
            "SortNo": 1
        }
    ],
    "Replaced_by": [],
    "Replaces": [],
    "Status": "",
    "TradeNo": [
        "012670045"
    ],
    "URL": []
}