{
    "ArtNo": "1267MC/TX",
    "Attributs": [
        {
            "Attribute": "Description",
            "Value": "Tournevis pour vis de tête Torx®, colorées",
            "SortNo": 1
        },
        {
            "Attribute": "",
            "Value": "T30",
            "SortNo": 2
        },
        {
            "Attribute": "L\nmm",
            "Value": "115",
            "SortNo": 3
        },
        {
            "Attribute": "L1\nmm",
            "Value": "234",
            "SortNo": 4
        },
        {
            "Attribute": "\ng",
            "Value": "103,2",
            "SortNo": 5
        },
        {
            "Attribute": "Ø\nmm",
            "Value": "6",
            "SortNo": 6
        }
    ],
    "BrandName": "BetaGRIP",
    "BrandNo": "10013",
    "Documents": [],
    "GTIN": [
        "8054809177908"
    ],
    "GenArts": [
        {
            "Description": "Tournevis pour vis de tête Torx®, colorées",
            "StandardisedArticleDescription": "Tournevis pour vis de tête Torx®, colorées",
            "GenArtNo": -10013
        }
    ],
    "HasPartList": false,
    "HasTextInfo": false,
    "LogoBrand": [
        {
            "Name": "05.jpg",
            "Extension": "JPG",
            "Path": "/img/10013/05.jpg"
        }
    ],
    "Pictures": [
        {
            "Name": "1267MC_slash_TX.jpg",
            "Extension": "JPG",
            "Path": "/img/10013/1267MC_slash_TX.jpg",
            "SortNo": 1
        }
    ],
    "Replaced_by": [],
    "Replaces": [],
    "Status": "",
    "TradeNo": [
        "012672030"
    ],
    "URL": []
}