{
    "ArtNo": "1268RTX",
    "Attributs": [
        {
            "Attribute": "Description",
            "Value": "Tournevis pour vis Tamper Resistant Torx®",
            "SortNo": 1
        },
        {
            "Attribute": "",
            "Value": "T40",
            "SortNo": 2
        },
        {
            "Attribute": "L \nmm",
            "Value": "130",
            "SortNo": 3
        },
        {
            "Attribute": "L1 \nmm",
            "Value": "257",
            "SortNo": 4
        },
        {
            "Attribute": "Ø \nmm",
            "Value": "7,0",
            "SortNo": 5
        },
        {
            "Attribute": " \ng",
            "Value": "134,0",
            "SortNo": 6
        }
    ],
    "BrandName": "BetaGRIP",
    "BrandNo": "10013",
    "Documents": [],
    "GTIN": [
        "8014230604718"
    ],
    "GenArts": [
        {
            "Description": "Tournevis pour vis Tamper Resistant Torx®",
            "StandardisedArticleDescription": "Tournevis pour vis Tamper Resistant Torx®",
            "GenArtNo": -10013
        }
    ],
    "HasPartList": false,
    "HasTextInfo": false,
    "LogoBrand": [
        {
            "Name": "05.jpg",
            "Extension": "JPG",
            "Path": "/img/10013/05.jpg"
        }
    ],
    "Pictures": [
        {
            "Name": "1268RTX.jpg",
            "Extension": "JPG",
            "Path": "/img/10013/1268RTX.jpg",
            "SortNo": 1
        }
    ],
    "Replaced_by": [],
    "Replaces": [],
    "Status": "",
    "TradeNo": [
        "012680040"
    ],
    "URL": []
}