{
    "ArtNo": "1268RTX/S8",
    "Attributs": [
        {
            "Attribute": "Description",
            "Value": "Jeu de 8 tournevis pour vis Tamper Resistant Torx® (art. 1268RTX)",
            "SortNo": 1
        }
    ],
    "BrandName": "BetaGRIP",
    "BrandNo": "10013",
    "Documents": [],
    "GTIN": [
        "8014230611068"
    ],
    "GenArts": [
        {
            "Description": "Jeu de 8 tournevis pour vis Tamper Resistant Torx® (art. 1268RTX)",
            "StandardisedArticleDescription": "Jeu de 8 tournevis pour vis Tamper Resistant Torx® (art. 1268RTX)",
            "GenArtNo": -10013
        }
    ],
    "HasPartList": false,
    "HasTextInfo": false,
    "LogoBrand": [
        {
            "Name": "05.jpg",
            "Extension": "JPG",
            "Path": "/img/10013/05.jpg"
        }
    ],
    "Pictures": [
        {
            "Name": "1268RTX_slash_S8.jpg",
            "Extension": "JPG",
            "Path": "/img/10013/1268RTX_slash_S8.jpg",
            "SortNo": 1
        }
    ],
    "Replaced_by": [],
    "Replaces": [],
    "Status": "",
    "TradeNo": [
        "012680307"
    ],
    "URL": []
}