{
    "ArtNo": "1270BA",
    "Attributs": [
        {
            "Attribute": "Description",
            "Value": "Tournevis pour vis à fente à lame antidéflagrante",
            "SortNo": 1
        },
        {
            "Attribute": "AxL \nmm",
            "Value": "10x250",
            "SortNo": 2
        },
        {
            "Attribute": "L1 \nmm",
            "Value": "382",
            "SortNo": 3
        },
        {
            "Attribute": "240",
            "Value": "240",
            "SortNo": 4
        }
    ],
    "BrandName": "Beta",
    "BrandNo": "10013",
    "Documents": [],
    "GTIN": [
        "8014230428437"
    ],
    "GenArts": [
        {
            "Description": "Tournevis pour vis à fente à lame antidéflagrante",
            "StandardisedArticleDescription": "Tournevis pour vis à fente à lame antidéflagrante",
            "GenArtNo": -10013
        }
    ],
    "HasPartList": false,
    "HasTextInfo": false,
    "LogoBrand": [
        {
            "Name": "12.jpg",
            "Extension": "JPG",
            "Path": "/img/10013/12.jpg"
        }
    ],
    "Pictures": [
        {
            "Name": "1270BA.jpg",
            "Extension": "JPG",
            "Path": "/img/10013/1270BA.jpg",
            "SortNo": 1
        }
    ],
    "Replaced_by": [],
    "Replaces": [],
    "Status": "",
    "TradeNo": [
        "012700810"
    ],
    "URL": []
}