{
    "ArtNo": "1272BA",
    "Attributs": [
        {
            "Attribute": "Description",
            "Value": "Tournevis pour vis Phillips® à lame antidéflagrante",
            "SortNo": 1
        },
        {
            "Attribute": "PHxDxL \nmm",
            "Value": "3x8x200",
            "SortNo": 2
        },
        {
            "Attribute": "L1 \nmm",
            "Value": "332",
            "SortNo": 3
        },
        {
            "Attribute": "180",
            "Value": "180",
            "SortNo": 4
        }
    ],
    "BrandName": "Beta",
    "BrandNo": "10013",
    "Documents": [],
    "GTIN": [
        "8014230428468"
    ],
    "GenArts": [
        {
            "Description": "Tournevis pour vis Phillips® à lame antidéflagrante",
            "StandardisedArticleDescription": "Tournevis pour vis Phillips® à lame antidéflagrante",
            "GenArtNo": -10013
        }
    ],
    "HasPartList": false,
    "HasTextInfo": false,
    "LogoBrand": [
        {
            "Name": "12.jpg",
            "Extension": "JPG",
            "Path": "/img/10013/12.jpg"
        }
    ],
    "Pictures": [
        {
            "Name": "1272BA.jpg",
            "Extension": "JPG",
            "Path": "/img/10013/1272BA.jpg",
            "SortNo": 1
        }
    ],
    "Replaced_by": [],
    "Replaces": [],
    "Status": "",
    "TradeNo": [
        "012720803"
    ],
    "URL": []
}