{
    "ArtNo": "1272MQF",
    "Attributs": [
        {
            "Attribute": "Description",
            "Value": "Pour vis cruciformes à tête Phillips®",
            "SortNo": 1
        },
        {
            "Attribute": "PHxDxL\nmm",
            "Value": "2x6x100",
            "SortNo": 2
        },
        {
            "Attribute": "L1\nmm",
            "Value": "208",
            "SortNo": 3
        }
    ],
    "BrandName": "Beta",
    "BrandNo": "10013",
    "Documents": [],
    "GTIN": [
        "8054809180120"
    ],
    "GenArts": [
        {
            "Description": "Pour vis cruciformes à tête Phillips®",
            "StandardisedArticleDescription": "Pour vis cruciformes à tête Phillips®",
            "GenArtNo": -10013
        }
    ],
    "HasPartList": false,
    "HasTextInfo": false,
    "LogoBrand": [
        {
            "Name": "15.jpg",
            "Extension": "JPG",
            "Path": "/img/10013/15.jpg"
        }
    ],
    "Pictures": [
        {
            "Name": "1272MQF.jpg",
            "Extension": "JPG",
            "Path": "/img/10013/1272MQF.jpg",
            "SortNo": 1
        }
    ],
    "Replaced_by": [],
    "Replaces": [],
    "Status": "",
    "TradeNo": [
        "012720618"
    ],
    "URL": []
}