{
    "ArtNo": "1272MQ",
    "Attributs": [
        {
            "Attribute": "Description",
            "Value": "Tournevis pour vis Phillips®",
            "SortNo": 1
        },
        {
            "Attribute": "PHxDxL \nmm",
            "Value": "4x10x200",
            "SortNo": 2
        },
        {
            "Attribute": "L1 \nmm",
            "Value": "327",
            "SortNo": 3
        }
    ],
    "BrandName": "Beta",
    "BrandNo": "10013",
    "Documents": [],
    "GTIN": [
        "8014230645742"
    ],
    "GenArts": [
        {
            "Description": "Tournevis pour vis Phillips®",
            "StandardisedArticleDescription": "Tournevis pour vis Phillips®",
            "GenArtNo": -10013
        }
    ],
    "HasPartList": false,
    "HasTextInfo": false,
    "LogoBrand": [
        {
            "Name": "15.jpg",
            "Extension": "JPG",
            "Path": "/img/10013/15.jpg"
        }
    ],
    "Pictures": [
        {
            "Name": "1272MQ.jpg",
            "Extension": "JPG",
            "Path": "/img/10013/1272MQ.jpg",
            "SortNo": 1
        }
    ],
    "Replaced_by": [],
    "Replaces": [],
    "Status": "",
    "TradeNo": [
        "012720727"
    ],
    "URL": []
}