{
    "ArtNo": "1273BG-MQ/DV4",
    "Attributs": [
        {
            "Attribute": "Description",
            "Value": "Montrer vide",
            "SortNo": 1
        }
    ],
    "BrandName": "SHOPinShop",
    "BrandNo": "10013",
    "Documents": [],
    "GTIN": [
        "8054809328430"
    ],
    "GenArts": [
        {
            "Description": "Montrer vide",
            "StandardisedArticleDescription": "Montrer vide",
            "GenArtNo": -10013
        }
    ],
    "HasPartList": false,
    "HasTextInfo": false,
    "LogoBrand": [
        {
            "Name": "89.jpg",
            "Extension": "JPG",
            "Path": "/img/10013/89.jpg"
        }
    ],
    "Pictures": [
        {
            "Name": "1273MQ_slash_E4.jpg",
            "Extension": "JPG",
            "Path": "/img/10013/1273MQ_slash_E4.jpg",
            "SortNo": 1
        }
    ],
    "Replaced_by": [],
    "Replaces": [],
    "Status": "",
    "TradeNo": [
        "012730655"
    ],
    "URL": []
}