{
    "ArtNo": "1273MQF/D4",
    "Attributs": [
        {
            "Attribute": "Description",
            "Value": "Jeu de 4 tournevis isolé 1000V \"slim\"",
            "SortNo": 1
        }
    ],
    "BrandName": "Beta",
    "BrandNo": "10013",
    "Documents": [],
    "GTIN": [
        "8054809211398"
    ],
    "GenArts": [
        {
            "Description": "Jeu de 4 tournevis isolé 1000V \"slim\"",
            "StandardisedArticleDescription": "Jeu de 4 tournevis isolé 1000V \"slim\"",
            "GenArtNo": -10013
        }
    ],
    "HasPartList": false,
    "HasTextInfo": false,
    "LogoBrand": [
        {
            "Name": "15.jpg",
            "Extension": "JPG",
            "Path": "/img/10013/15.jpg"
        }
    ],
    "Pictures": [
        {
            "Name": "1273MQF_slash_D4.jpg",
            "Extension": "JPG",
            "Path": "/img/10013/1273MQF_slash_D4.jpg",
            "SortNo": 1
        }
    ],
    "Replaced_by": [],
    "Replaces": [],
    "Status": "",
    "TradeNo": [
        "012730604"
    ],
    "URL": []
}