{
    "ArtNo": "1274MQF",
    "Attributs": [
        {
            "Attribute": "Description",
            "Value": "Tournevis pour vis à fentes sans tête",
            "SortNo": 1
        },
        {
            "Attribute": "SxDxL\nmm",
            "Value": "1,2x6,5x150",
            "SortNo": 2
        },
        {
            "Attribute": "L1\nmm",
            "Value": "258",
            "SortNo": 3
        }
    ],
    "BrandName": "Beta",
    "BrandNo": "10013",
    "Documents": [],
    "GTIN": [
        "8054809180175"
    ],
    "GenArts": [
        {
            "Description": "Tournevis pour vis à fentes sans tête",
            "StandardisedArticleDescription": "Tournevis pour vis à fentes sans tête",
            "GenArtNo": -10013
        }
    ],
    "HasPartList": false,
    "HasTextInfo": false,
    "LogoBrand": [
        {
            "Name": "15.jpg",
            "Extension": "JPG",
            "Path": "/img/10013/15.jpg"
        }
    ],
    "Pictures": [
        {
            "Name": "1274MQF.jpg",
            "Extension": "JPG",
            "Path": "/img/10013/1274MQF.jpg",
            "SortNo": 1
        }
    ],
    "Replaced_by": [],
    "Replaces": [],
    "Status": "",
    "TradeNo": [
        "012740612"
    ],
    "URL": []
}