{
    "ArtNo": "1274MQ",
    "Attributs": [
        {
            "Attribute": "Description",
            "Value": "Tournevis à lame fraisée pour vis à fente",
            "SortNo": 1
        },
        {
            "Attribute": "SxDxL \nmm",
            "Value": "1,6x10x200",
            "SortNo": 2
        },
        {
            "Attribute": "L1 \nmm",
            "Value": "327",
            "SortNo": 3
        }
    ],
    "BrandName": "Beta",
    "BrandNo": "10013",
    "Documents": [],
    "GTIN": [
        "8014230645919"
    ],
    "GenArts": [
        {
            "Description": "Tournevis à lame fraisée pour vis à fente",
            "StandardisedArticleDescription": "Tournevis à lame fraisée pour vis à fente",
            "GenArtNo": -10013
        }
    ],
    "HasPartList": false,
    "HasTextInfo": false,
    "LogoBrand": [
        {
            "Name": "15.jpg",
            "Extension": "JPG",
            "Path": "/img/10013/15.jpg"
        }
    ],
    "Pictures": [
        {
            "Name": "1274MQ.jpg",
            "Extension": "JPG",
            "Path": "/img/10013/1274MQ.jpg",
            "SortNo": 1
        }
    ],
    "Replaced_by": [],
    "Replaces": [],
    "Status": "",
    "TradeNo": [
        "012740718"
    ],
    "URL": []
}