{
    "ArtNo": "1277BA",
    "Attributs": [
        {
            "Attribute": "Description",
            "Value": "Tournevis pour vis Torx(R), antidéflagrant",
            "SortNo": 1
        },
        {
            "Attribute": "",
            "Value": "T40",
            "SortNo": 2
        },
        {
            "Attribute": "L\nmm",
            "Value": "200",
            "SortNo": 3
        },
        {
            "Attribute": "L1\nmm",
            "Value": "332",
            "SortNo": 4
        },
        {
            "Attribute": "Ø\nmm",
            "Value": "8",
            "SortNo": 5
        }
    ],
    "BrandName": "Beta",
    "BrandNo": "10013",
    "Documents": [],
    "GTIN": [
        "8014230866437"
    ],
    "GenArts": [
        {
            "Description": "Tournevis pour vis Torx(R), antidéflagrant",
            "StandardisedArticleDescription": "Tournevis pour vis Torx(R), antidéflagrant",
            "GenArtNo": -10013
        }
    ],
    "HasPartList": false,
    "HasTextInfo": false,
    "LogoBrand": [
        {
            "Name": "12.jpg",
            "Extension": "JPG",
            "Path": "/img/10013/12.jpg"
        }
    ],
    "Pictures": [
        {
            "Name": "1277BA.jpg",
            "Extension": "JPG",
            "Path": "/img/10013/1277BA.jpg",
            "SortNo": 1
        }
    ],
    "Replaced_by": [],
    "Replaces": [],
    "Status": "",
    "TradeNo": [
        "012770840"
    ],
    "URL": []
}