{
    "ArtNo": "1281PB",
    "Attributs": [
        {
            "Attribute": "Description",
            "Value": "Porte-douilles carré 1/4\"",
            "SortNo": 1
        },
        {
            "Attribute": "L \nmm",
            "Value": "175",
            "SortNo": 2
        },
        {
            "Attribute": "L1 \nmm",
            "Value": "218",
            "SortNo": 3
        },
        {
            "Attribute": "Ø \nmm",
            "Value": "11",
            "SortNo": 4
        }
    ],
    "BrandName": "Beta",
    "BrandNo": "10013",
    "Documents": [],
    "GTIN": [
        "8014230511375"
    ],
    "GenArts": [
        {
            "Description": "Porte-douilles carré 1/4\"",
            "StandardisedArticleDescription": "Porte-douilles carré 1/4\"",
            "GenArtNo": -10013
        }
    ],
    "HasPartList": false,
    "HasTextInfo": false,
    "LogoBrand": [
        {
            "Name": "05.jpg",
            "Extension": "JPG",
            "Path": "/img/10013/05.jpg"
        }
    ],
    "Pictures": [
        {
            "Name": "1281PB.jpg",
            "Extension": "JPG",
            "Path": "/img/10013/1281PB.jpg",
            "SortNo": 1
        }
    ],
    "Replaced_by": [],
    "Replaces": [],
    "Status": "",
    "TradeNo": [
        "012810293"
    ],
    "URL": []
}