{
    "ArtNo": "1281PE",
    "Attributs": [
        {
            "Attribute": "Description",
            "Value": "Lame réversible pour vis à empreinte 6 pans",
            "SortNo": 1
        },
        {
            "Attribute": "mm",
            "Value": "6",
            "SortNo": 2
        },
        {
            "Attribute": "L \nmm",
            "Value": "175",
            "SortNo": 3
        }
    ],
    "BrandName": "Beta",
    "BrandNo": "10013",
    "Documents": [],
    "GTIN": [
        "8014230511498"
    ],
    "GenArts": [
        {
            "Description": "Lame réversible pour vis à empreinte 6 pans",
            "StandardisedArticleDescription": "Lame réversible pour vis à empreinte 6 pans",
            "GenArtNo": -10013
        }
    ],
    "HasPartList": false,
    "HasTextInfo": false,
    "LogoBrand": [
        {
            "Name": "05.jpg",
            "Extension": "JPG",
            "Path": "/img/10013/05.jpg"
        }
    ],
    "Pictures": [
        {
            "Name": "1281PE.jpg",
            "Extension": "JPG",
            "Path": "/img/10013/1281PE.jpg",
            "SortNo": 1
        }
    ],
    "Replaced_by": [],
    "Replaces": [],
    "Status": "",
    "TradeNo": [
        "012810346"
    ],
    "URL": []
}