{
    "ArtNo": "1281LP",
    "Attributs": [
        {
            "Attribute": "Description",
            "Value": "Lame réversible pour vis à fente",
            "SortNo": 1
        },
        {
            "Attribute": "SxD \nmm",
            "Value": "1x5,5",
            "SortNo": 2
        },
        {
            "Attribute": "S1xD1 \nmm",
            "Value": "1,2x6,5",
            "SortNo": 3
        },
        {
            "Attribute": "L \nmm",
            "Value": "175",
            "SortNo": 4
        }
    ],
    "BrandName": "Beta",
    "BrandNo": "10013",
    "Documents": [],
    "GTIN": [
        "8014230511399"
    ],
    "GenArts": [
        {
            "Description": "Lame réversible pour vis à fente",
            "StandardisedArticleDescription": "Lame réversible pour vis à fente",
            "GenArtNo": -10013
        }
    ],
    "HasPartList": false,
    "HasTextInfo": false,
    "LogoBrand": [
        {
            "Name": "05.jpg",
            "Extension": "JPG",
            "Path": "/img/10013/05.jpg"
        }
    ],
    "Pictures": [
        {
            "Name": "1281LP.jpg",
            "Extension": "JPG",
            "Path": "/img/10013/1281LP.jpg",
            "SortNo": 1
        }
    ],
    "Replaced_by": [],
    "Replaces": [],
    "Status": "",
    "TradeNo": [
        "012810304"
    ],
    "URL": []
}