{
    "ArtNo": "1281BG/B28NA",
    "Attributs": [
        {
            "Attribute": "Description",
            "Value": "Assortiment de 16 lames réversibles, 9 douilles 1/4 », 2 accessoires et 1 poignée, dans un trousseau en polyester durable",
            "SortNo": 1
        }
    ],
    "BrandName": "Beta",
    "BrandNo": "10013",
    "Documents": [],
    "GTIN": [
        "8054809245904"
    ],
    "GenArts": [
        {
            "Description": "Assortiment de 16 lames réversibles, 9 douilles 1/4 », 2 accessoires et 1 poignée, dans un trousseau en polyester durable",
            "StandardisedArticleDescription": "Assortiment de 16 lames réversibles, 9 douilles 1/4 », 2 accessoires et 1 poignée, dans un trousseau en polyester durable",
            "GenArtNo": -10013
        }
    ],
    "HasPartList": false,
    "HasTextInfo": false,
    "LogoBrand": [
        {
            "Name": "05.jpg",
            "Extension": "JPG",
            "Path": "/img/10013/05.jpg"
        }
    ],
    "Pictures": [
        {
            "Name": "1281BG_slash_B28NA.jpg",
            "Extension": "JPG",
            "Path": "/img/10013/1281BG_slash_B28NA.jpg",
            "SortNo": 1
        }
    ],
    "Replaced_by": [],
    "Replaces": [],
    "Status": "",
    "TradeNo": [
        "012810511"
    ],
    "URL": []
}