{
    "ArtNo": "1281TX",
    "Attributs": [
        {
            "Attribute": "Description",
            "Value": "Lame réversible pour vis Torx®",
            "SortNo": 1
        }
    ],
    "BrandName": "Beta",
    "BrandNo": "10013",
    "Documents": [],
    "GTIN": [
        "8014230511542"
    ],
    "GenArts": [
        {
            "Description": "Lame réversible pour vis Torx®",
            "StandardisedArticleDescription": "Lame réversible pour vis Torx®",
            "GenArtNo": -10013
        }
    ],
    "HasPartList": false,
    "HasTextInfo": false,
    "LogoBrand": [
        {
            "Name": "05.jpg",
            "Extension": "JPG",
            "Path": "/img/10013/05.jpg"
        }
    ],
    "Pictures": [
        {
            "Name": "1281TX.jpg",
            "Extension": "JPG",
            "Path": "/img/10013/1281TX.jpg",
            "SortNo": 1
        }
    ],
    "Replaced_by": [],
    "Replaces": [],
    "Status": "",
    "TradeNo": [
        "012810353"
    ],
    "URL": []
}