{
    "ArtNo": "1281BG",
    "Attributs": [
        {
            "Attribute": "Description",
            "Value": "Poignée porte-lames",
            "SortNo": 1
        },
        {
            "Attribute": "L \nmm",
            "Value": "118",
            "SortNo": 2
        },
        {
            "Attribute": "L1 \nmm",
            "Value": "218",
            "SortNo": 3
        },
        {
            "Attribute": " \nmm",
            "Value": "10",
            "SortNo": 4
        }
    ],
    "BrandName": "Beta",
    "BrandNo": "10013",
    "Documents": [],
    "GTIN": [
        "8014230622002"
    ],
    "GenArts": [
        {
            "Description": "Poignée porte-lames",
            "StandardisedArticleDescription": "Poignée porte-lames",
            "GenArtNo": -10013
        }
    ],
    "HasPartList": false,
    "HasTextInfo": false,
    "LogoBrand": [
        {
            "Name": "05.jpg",
            "Extension": "JPG",
            "Path": "/img/10013/05.jpg"
        }
    ],
    "Pictures": [
        {
            "Name": "1281BG.jpg",
            "Extension": "JPG",
            "Path": "/img/10013/1281BG.jpg",
            "SortNo": 1
        }
    ],
    "Replaced_by": [],
    "Replaces": [],
    "Status": "",
    "TradeNo": [
        "012810280"
    ],
    "URL": []
}