{
    "ArtNo": "1281PZ",
    "Attributs": [
        {
            "Attribute": "Description",
            "Value": "Lame réversible pour vis Pozidriv®-Supadriv®",
            "SortNo": 1
        },
        {
            "Attribute": "PZ",
            "Value": "2-3",
            "SortNo": 2
        },
        {
            "Attribute": "L \nmm",
            "Value": "175",
            "SortNo": 3
        }
    ],
    "BrandName": "Beta",
    "BrandNo": "10013",
    "Documents": [],
    "GTIN": [
        "8014230511306"
    ],
    "GenArts": [
        {
            "Description": "Lame réversible pour vis Pozidriv®-Supadriv®",
            "StandardisedArticleDescription": "Lame réversible pour vis Pozidriv®-Supadriv®",
            "GenArtNo": -10013
        }
    ],
    "HasPartList": false,
    "HasTextInfo": false,
    "LogoBrand": [
        {
            "Name": "05.jpg",
            "Extension": "JPG",
            "Path": "/img/10013/05.jpg"
        }
    ],
    "Pictures": [
        {
            "Name": "1281PZ.jpg",
            "Extension": "JPG",
            "Path": "/img/10013/1281PZ.jpg",
            "SortNo": 1
        }
    ],
    "Replaced_by": [],
    "Replaces": [],
    "Status": "",
    "TradeNo": [
        "012810332"
    ],
    "URL": []
}