{
    "ArtNo": "1281BG/A9",
    "Attributs": [
        {
            "Attribute": "Description",
            "Value": "Jeu de 9 lames réversibles et 1 accessoire en étui",
            "SortNo": 1
        }
    ],
    "BrandName": "Beta",
    "BrandNo": "10013",
    "Documents": [],
    "GTIN": [
        "8014230667850"
    ],
    "GenArts": [
        {
            "Description": "Jeu de 9 lames réversibles et 1 accessoire en étui",
            "StandardisedArticleDescription": "Jeu de 9 lames réversibles et 1 accessoire en étui",
            "GenArtNo": -10013
        }
    ],
    "HasPartList": false,
    "HasTextInfo": false,
    "LogoBrand": [
        {
            "Name": "05.jpg",
            "Extension": "JPG",
            "Path": "/img/10013/05.jpg"
        }
    ],
    "Pictures": [
        {
            "Name": "1281BG_slash_A9.jpg",
            "Extension": "JPG",
            "Path": "/img/10013/1281BG_slash_A9.jpg",
            "SortNo": 1
        }
    ],
    "Replaced_by": [],
    "Replaces": [],
    "Status": "",
    "TradeNo": [
        "012810520"
    ],
    "URL": []
}