{
    "ArtNo": "1290HS",
    "Attributs": [
        {
            "Attribute": "Description",
            "Value": "Tournevis pour vis à fente H-SAFE",
            "SortNo": 1
        },
        {
            "Attribute": "SxAxL \nmm",
            "Value": "1,6x10x200",
            "SortNo": 2
        },
        {
            "Attribute": "L1 \nmm",
            "Value": "332",
            "SortNo": 3
        },
        {
            "Attribute": "Ø \nmm",
            "Value": "8,0",
            "SortNo": 4
        }
    ],
    "BrandName": "Beta H-SAFE",
    "BrandNo": "10013",
    "Documents": [],
    "GTIN": [
        "8014230860329"
    ],
    "GenArts": [
        {
            "Description": "Tournevis pour vis à fente H-SAFE",
            "StandardisedArticleDescription": "Tournevis pour vis à fente H-SAFE",
            "GenArtNo": -10013
        }
    ],
    "HasPartList": false,
    "HasTextInfo": false,
    "LogoBrand": [
        {
            "Name": "12HS.jpg",
            "Extension": "JPG",
            "Path": "/img/10013/12HS.jpg"
        }
    ],
    "Pictures": [
        {
            "Name": "1290HS.jpg",
            "Extension": "JPG",
            "Path": "/img/10013/1290HS.jpg",
            "SortNo": 1
        }
    ],
    "Replaced_by": [],
    "Replaces": [],
    "Status": "",
    "TradeNo": [
        "012904066"
    ],
    "URL": []
}