{
    "ArtNo": "1290",
    "Attributs": [
        {
            "Attribute": "Description",
            "Value": "Tournevis pour vis à fente",
            "SortNo": 1
        },
        {
            "Attribute": "SxAxL \nmm",
            "Value": "2x12x250",
            "SortNo": 2
        },
        {
            "Attribute": "L1 \nmm",
            "Value": "382",
            "SortNo": 3
        },
        {
            "Attribute": "Ø \nmm",
            "Value": "10",
            "SortNo": 4
        }
    ],
    "BrandName": "BetamaX",
    "BrandNo": "10013",
    "Documents": [],
    "GTIN": [
        "8014230382517"
    ],
    "GenArts": [
        {
            "Description": "Tournevis pour vis à fente",
            "StandardisedArticleDescription": "Tournevis pour vis à fente",
            "GenArtNo": -10013
        }
    ],
    "HasPartList": false,
    "HasTextInfo": false,
    "LogoBrand": [
        {
            "Name": "05.jpg",
            "Extension": "JPG",
            "Path": "/img/10013/05.jpg"
        }
    ],
    "Pictures": [
        {
            "Name": "1290.jpg",
            "Extension": "JPG",
            "Path": "/img/10013/1290.jpg",
            "SortNo": 1
        }
    ],
    "Replaced_by": [],
    "Replaces": [],
    "Status": "",
    "TradeNo": [
        "012900069"
    ],
    "URL": []
}