{
    "ArtNo": "1292N",
    "Attributs": [
        {
            "Attribute": "Description",
            "Value": "Tournevis à lame courte pour vis Phillips®",
            "SortNo": 1
        },
        {
            "Attribute": "PHxDxL \nmm",
            "Value": "2x6x30",
            "SortNo": 2
        },
        {
            "Attribute": "L1 \nmm",
            "Value": "86",
            "SortNo": 3
        }
    ],
    "BrandName": "BetamaX",
    "BrandNo": "10013",
    "Documents": [],
    "GTIN": [
        "8014230382708"
    ],
    "GenArts": [
        {
            "Description": "Tournevis à lame courte pour vis Phillips®",
            "StandardisedArticleDescription": "Tournevis à lame courte pour vis Phillips®",
            "GenArtNo": -10013
        }
    ],
    "HasPartList": false,
    "HasTextInfo": false,
    "LogoBrand": [
        {
            "Name": "05.jpg",
            "Extension": "JPG",
            "Path": "/img/10013/05.jpg"
        }
    ],
    "Pictures": [
        {
            "Name": "1292N.jpg",
            "Extension": "JPG",
            "Path": "/img/10013/1292N.jpg",
            "SortNo": 1
        }
    ],
    "Replaced_by": [],
    "Replaces": [],
    "Status": "",
    "TradeNo": [
        "012920106"
    ],
    "URL": []
}