{
    "ArtNo": "1292HS",
    "Attributs": [
        {
            "Attribute": "Description",
            "Value": "Tournevis pour vis Phillips(R) H-SAFE",
            "SortNo": 1
        },
        {
            "Attribute": "PHxDxL \nmm",
            "Value": "3x8x150",
            "SortNo": 2
        },
        {
            "Attribute": "L1 \nmm",
            "Value": "282",
            "SortNo": 3
        }
    ],
    "BrandName": "Beta H-SAFE",
    "BrandNo": "10013",
    "Documents": [],
    "GTIN": [
        "8014230860367"
    ],
    "GenArts": [
        {
            "Description": "Tournevis pour vis Phillips(R) H-SAFE",
            "StandardisedArticleDescription": "Tournevis pour vis Phillips(R) H-SAFE",
            "GenArtNo": -10013
        }
    ],
    "HasPartList": false,
    "HasTextInfo": false,
    "LogoBrand": [
        {
            "Name": "12HS.jpg",
            "Extension": "JPG",
            "Path": "/img/10013/12HS.jpg"
        }
    ],
    "Pictures": [
        {
            "Name": "1292HS.jpg",
            "Extension": "JPG",
            "Path": "/img/10013/1292HS.jpg",
            "SortNo": 1
        }
    ],
    "Replaced_by": [],
    "Replaces": [],
    "Status": "",
    "TradeNo": [
        "012924024"
    ],
    "URL": []
}