{
    "ArtNo": "1292",
    "Attributs": [
        {
            "Attribute": "Description",
            "Value": "Tournevis pour vis Phillips®",
            "SortNo": 1
        },
        {
            "Attribute": "PHxDxL \nmm",
            "Value": "4x10x200",
            "SortNo": 2
        },
        {
            "Attribute": "L1 \nmm",
            "Value": "332",
            "SortNo": 3
        }
    ],
    "BrandName": "BetamaX",
    "BrandNo": "10013",
    "Documents": [],
    "GTIN": [
        "8014230382685"
    ],
    "GenArts": [
        {
            "Description": "Tournevis pour vis Phillips®",
            "StandardisedArticleDescription": "Tournevis pour vis Phillips®",
            "GenArtNo": -10013
        }
    ],
    "HasPartList": false,
    "HasTextInfo": false,
    "LogoBrand": [
        {
            "Name": "05.jpg",
            "Extension": "JPG",
            "Path": "/img/10013/05.jpg"
        }
    ],
    "Pictures": [
        {
            "Name": "1292.jpg",
            "Extension": "JPG",
            "Path": "/img/10013/1292.jpg",
            "SortNo": 1
        }
    ],
    "Replaced_by": [],
    "Replaces": [],
    "Status": "",
    "TradeNo": [
        "012920027"
    ],
    "URL": []
}