{
    "ArtNo": "1292INOX",
    "Attributs": [
        {
            "Attribute": "Description",
            "Value": "Tournevis à lame courte pour vis Phillips®, en acier inoxydable",
            "SortNo": 1
        },
        {
            "Attribute": "PHxDxL\nmm",
            "Value": "2x6x100",
            "SortNo": 2
        },
        {
            "Attribute": "L1\nmm",
            "Value": "220",
            "SortNo": 3
        }
    ],
    "BrandName": "BetaINOX",
    "BrandNo": "10013",
    "Documents": [],
    "GTIN": [
        "8014230726458"
    ],
    "GenArts": [
        {
            "Description": "Tournevis à lame courte pour vis Phillips®, en acier inoxydable",
            "StandardisedArticleDescription": "Tournevis à lame courte pour vis Phillips®, en acier inoxydable",
            "GenArtNo": -10013
        }
    ],
    "HasPartList": false,
    "HasTextInfo": false,
    "LogoBrand": [
        {
            "Name": "11_inox.jpg",
            "Extension": "JPG",
            "Path": "/img/10013/11_inox.jpg"
        }
    ],
    "Pictures": [
        {
            "Name": "1292INOX.jpg",
            "Extension": "JPG",
            "Path": "/img/10013/1292INOX.jpg",
            "SortNo": 1
        }
    ],
    "Replaced_by": [],
    "Replaces": [],
    "Status": "",
    "TradeNo": [
        "012920418"
    ],
    "URL": []
}