{
    "ArtNo": "1293INOX/D8",
    "Attributs": [
        {
            "Attribute": "Description",
            "Value": "Jeu de tournevis en acier inoxydable",
            "SortNo": 1
        }
    ],
    "BrandName": "BetaINOX",
    "BrandNo": "10013",
    "Documents": [],
    "GTIN": [
        "8014230726465"
    ],
    "GenArts": [
        {
            "Description": "Jeu de tournevis en acier inoxydable",
            "StandardisedArticleDescription": "Jeu de tournevis en acier inoxydable",
            "GenArtNo": -10013
        }
    ],
    "HasPartList": false,
    "HasTextInfo": false,
    "LogoBrand": [
        {
            "Name": "11_inox.jpg",
            "Extension": "JPG",
            "Path": "/img/10013/11_inox.jpg"
        }
    ],
    "Pictures": [
        {
            "Name": "1293INOX_slash_D8.jpg",
            "Extension": "JPG",
            "Path": "/img/10013/1293INOX_slash_D8.jpg",
            "SortNo": 1
        }
    ],
    "Replaced_by": [],
    "Replaces": [],
    "Status": "",
    "TradeNo": [
        "012930408"
    ],
    "URL": []
}