{
    "ArtNo": "1293ES/S7",
    "Attributs": [
        {
            "Attribute": "Description",
            "Value": "Jeu de 7 clés mâles emmanchées pour vis 6 pans (art. 1293ES)",
            "SortNo": 1
        }
    ],
    "BrandName": "BetamaX",
    "BrandNo": "10013",
    "Documents": [],
    "GTIN": [
        "8014230477244"
    ],
    "GenArts": [
        {
            "Description": "Jeu de 7 clés mâles emmanchées pour vis 6 pans (art. 1293ES)",
            "StandardisedArticleDescription": "Jeu de 7 clés mâles emmanchées pour vis 6 pans (art. 1293ES)",
            "GenArtNo": -10013
        }
    ],
    "HasPartList": false,
    "HasTextInfo": false,
    "LogoBrand": [
        {
            "Name": "05.jpg",
            "Extension": "JPG",
            "Path": "/img/10013/05.jpg"
        }
    ],
    "Pictures": [
        {
            "Name": "1293ES_slash_S7.jpg",
            "Extension": "JPG",
            "Path": "/img/10013/1293ES_slash_S7.jpg",
            "SortNo": 1
        }
    ],
    "Replaced_by": [],
    "Replaces": [],
    "Status": "",
    "TradeNo": [
        "012930057"
    ],
    "URL": []
}