{
    "ArtNo": "1293BP",
    "Attributs": [
        {
            "Attribute": "Description",
            "Value": "Clé mâle emmanchée à tête sphérique pour vis 6 pans",
            "SortNo": 1
        },
        {
            "Attribute": "mm",
            "Value": "8",
            "SortNo": 2
        },
        {
            "Attribute": "L \nmm",
            "Value": "150",
            "SortNo": 3
        },
        {
            "Attribute": "L1 \nmm",
            "Value": "282",
            "SortNo": 4
        }
    ],
    "BrandName": "BetamaX",
    "BrandNo": "10013",
    "Documents": [],
    "GTIN": [
        "8014230385280"
    ],
    "GenArts": [
        {
            "Description": "Clé mâle emmanchée à tête sphérique pour vis 6 pans",
            "StandardisedArticleDescription": "Clé mâle emmanchée à tête sphérique pour vis 6 pans",
            "GenArtNo": -10013
        }
    ],
    "HasPartList": false,
    "HasTextInfo": false,
    "LogoBrand": [
        {
            "Name": "05.jpg",
            "Extension": "JPG",
            "Path": "/img/10013/05.jpg"
        }
    ],
    "Pictures": [
        {
            "Name": "1293BP.jpg",
            "Extension": "JPG",
            "Path": "/img/10013/1293BP.jpg",
            "SortNo": 1
        }
    ],
    "Replaced_by": [],
    "Replaces": [],
    "Status": "",
    "TradeNo": [
        "012930515"
    ],
    "URL": []
}