{
    "ArtNo": "1293/S8",
    "Attributs": [
        {
            "Attribute": "Description",
            "Value": "Jeu de 8 tournevis (art. 1290, 1292)",
            "SortNo": 1
        }
    ],
    "BrandName": "BetamaX",
    "BrandNo": "10013",
    "Documents": [],
    "GTIN": [
        "8014230847634"
    ],
    "GenArts": [
        {
            "Description": "Jeu de 8 tournevis (art. 1290, 1292)",
            "StandardisedArticleDescription": "Jeu de 8 tournevis (art. 1290, 1292)",
            "GenArtNo": -10013
        }
    ],
    "HasPartList": false,
    "HasTextInfo": false,
    "LogoBrand": [
        {
            "Name": "05.jpg",
            "Extension": "JPG",
            "Path": "/img/10013/05.jpg"
        }
    ],
    "Pictures": [
        {
            "Name": "1293_slash_S8.jpg",
            "Extension": "JPG",
            "Path": "/img/10013/1293_slash_S8.jpg",
            "SortNo": 1
        }
    ],
    "Replaced_by": [],
    "Replaces": [],
    "Status": "",
    "TradeNo": [
        "012930208"
    ],
    "URL": []
}