{
    "ArtNo": "1293BX/DD",
    "Attributs": [
        {
            "Attribute": "Description",
            "Value": "Présentoir 1293BX/DD, vide",
            "SortNo": 1
        }
    ],
    "BrandName": "SHOPinShop",
    "BrandNo": "10013",
    "Documents": [],
    "GTIN": [
        "8014230454603"
    ],
    "GenArts": [
        {
            "Description": "Présentoir 1293BX/DD, vide",
            "StandardisedArticleDescription": "Présentoir 1293BX/DD, vide",
            "GenArtNo": -10013
        }
    ],
    "HasPartList": false,
    "HasTextInfo": false,
    "LogoBrand": [
        {
            "Name": "90.jpg",
            "Extension": "JPG",
            "Path": "/img/10013/90.jpg"
        }
    ],
    "Pictures": [
        {
            "Name": "1293BX_slash_DD.jpg",
            "Extension": "JPG",
            "Path": "/img/10013/1293BX_slash_DD.jpg",
            "SortNo": 1
        }
    ],
    "Replaced_by": [],
    "Replaces": [],
    "Status": "",
    "TradeNo": [
        "012930754"
    ],
    "URL": []
}