{
    "ArtNo": "1294",
    "Attributs": [
        {
            "Attribute": "Description",
            "Value": "Tournevis à lame fraisée pour vis à fente",
            "SortNo": 1
        },
        {
            "Attribute": "SxDxL \nmm",
            "Value": "1,2x6,5x150",
            "SortNo": 2
        },
        {
            "Attribute": "L1 \nmm",
            "Value": "282",
            "SortNo": 3
        }
    ],
    "BrandName": "BetamaX",
    "BrandNo": "10013",
    "Documents": [],
    "GTIN": [
        "8014230383613"
    ],
    "GenArts": [
        {
            "Description": "Tournevis à lame fraisée pour vis à fente",
            "StandardisedArticleDescription": "Tournevis à lame fraisée pour vis à fente",
            "GenArtNo": -10013
        }
    ],
    "HasPartList": false,
    "HasTextInfo": false,
    "LogoBrand": [
        {
            "Name": "05.jpg",
            "Extension": "JPG",
            "Path": "/img/10013/05.jpg"
        }
    ],
    "Pictures": [
        {
            "Name": "1294.jpg",
            "Extension": "JPG",
            "Path": "/img/10013/1294.jpg",
            "SortNo": 1
        }
    ],
    "Replaced_by": [],
    "Replaces": [],
    "Status": "",
    "TradeNo": [
        "012940027"
    ],
    "URL": []
}