{
    "ArtNo": "1294HS",
    "Attributs": [
        {
            "Attribute": "Description",
            "Value": "Tournevis à lame fraisée pour vis à fente H-SAFE",
            "SortNo": 1
        },
        {
            "Attribute": "SxDxL \nmm",
            "Value": "1x5x125",
            "SortNo": 2
        },
        {
            "Attribute": "L1 \nmm",
            "Value": "234",
            "SortNo": 3
        }
    ],
    "BrandName": "Beta H-SAFE",
    "BrandNo": "10013",
    "Documents": [],
    "GTIN": [
        "8014230860404"
    ],
    "GenArts": [
        {
            "Description": "Tournevis à lame fraisée pour vis à fente H-SAFE",
            "StandardisedArticleDescription": "Tournevis à lame fraisée pour vis à fente H-SAFE",
            "GenArtNo": -10013
        }
    ],
    "HasPartList": false,
    "HasTextInfo": false,
    "LogoBrand": [
        {
            "Name": "12HS.jpg",
            "Extension": "JPG",
            "Path": "/img/10013/12HS.jpg"
        }
    ],
    "Pictures": [
        {
            "Name": "1294HS.jpg",
            "Extension": "JPG",
            "Path": "/img/10013/1294HS.jpg",
            "SortNo": 1
        }
    ],
    "Replaced_by": [],
    "Replaces": [],
    "Status": "",
    "TradeNo": [
        "012944018"
    ],
    "URL": []
}