{
    "ArtNo": "1294/S7",
    "Attributs": [
        {
            "Attribute": "Description",
            "Value": "Jeu de 5 tournevis à lame fraisée pour vis à fente (art. 1294)",
            "SortNo": 1
        }
    ],
    "BrandName": "BetamaX",
    "BrandNo": "10013",
    "Documents": [],
    "GTIN": [
        "8014230435992"
    ],
    "GenArts": [
        {
            "Description": "Jeu de 5 tournevis à lame fraisée pour vis à fente (art. 1294)",
            "StandardisedArticleDescription": "Jeu de 5 tournevis à lame fraisée pour vis à fente (art. 1294)",
            "GenArtNo": -10013
        }
    ],
    "HasPartList": false,
    "HasTextInfo": false,
    "LogoBrand": [
        {
            "Name": "05.jpg",
            "Extension": "JPG",
            "Path": "/img/10013/05.jpg"
        }
    ],
    "Pictures": [
        {
            "Name": "1294_slash_S7.jpg",
            "Extension": "JPG",
            "Path": "/img/10013/1294_slash_S7.jpg",
            "SortNo": 1
        }
    ],
    "Replaced_by": [],
    "Replaces": [],
    "Status": "",
    "TradeNo": [
        "012940305"
    ],
    "URL": []
}