{
    "ArtNo": "1295",
    "Attributs": [
        {
            "Attribute": "Description",
            "Value": "Tournevis à frapper",
            "SortNo": 1
        },
        {
            "Attribute": "L \nmm",
            "Value": "130",
            "SortNo": 2
        }
    ],
    "BrandName": "Beta",
    "BrandNo": "10013",
    "Documents": [],
    "GTIN": [
        "8014230043302"
    ],
    "GenArts": [
        {
            "Description": "Tournevis à frapper",
            "StandardisedArticleDescription": "Tournevis à frapper",
            "GenArtNo": -10013
        }
    ],
    "HasPartList": false,
    "HasTextInfo": false,
    "LogoBrand": [
        {
            "Name": "11.jpg",
            "Extension": "JPG",
            "Path": "/img/10013/11.jpg"
        }
    ],
    "Pictures": [
        {
            "Name": "1295.jpg",
            "Extension": "JPG",
            "Path": "/img/10013/1295.jpg",
            "SortNo": 1
        }
    ],
    "Replaced_by": [],
    "Replaces": [],
    "Status": "",
    "TradeNo": [
        "012950001"
    ],
    "URL": []
}