{
    "ArtNo": "1297TX",
    "Attributs": [
        {
            "Attribute": "Description",
            "Value": "Tournevis pour vis Torx®",
            "SortNo": 1
        },
        {
            "Attribute": "",
            "Value": "T45",
            "SortNo": 2
        },
        {
            "Attribute": "L \nmm",
            "Value": "130",
            "SortNo": 3
        },
        {
            "Attribute": "L1 \nmm",
            "Value": "262",
            "SortNo": 4
        },
        {
            "Attribute": "Ø\nmm",
            "Value": "8,0",
            "SortNo": 5
        }
    ],
    "BrandName": "BetamaX",
    "BrandNo": "10013",
    "Documents": [],
    "GTIN": [
        "8014230385471"
    ],
    "GenArts": [
        {
            "Description": "Tournevis pour vis Torx®",
            "StandardisedArticleDescription": "Tournevis pour vis Torx®",
            "GenArtNo": -10013
        }
    ],
    "HasPartList": false,
    "HasTextInfo": false,
    "LogoBrand": [
        {
            "Name": "05.jpg",
            "Extension": "JPG",
            "Path": "/img/10013/05.jpg"
        }
    ],
    "Pictures": [
        {
            "Name": "1297TX.jpg",
            "Extension": "JPG",
            "Path": "/img/10013/1297TX.jpg",
            "SortNo": 1
        }
    ],
    "Replaced_by": [],
    "Replaces": [],
    "Status": "",
    "TradeNo": [
        "012970045"
    ],
    "URL": []
}