{
    "ArtNo": "1299PZ/S6",
    "Attributs": [
        {
            "Attribute": "Description",
            "Value": "Jeu de 6 tournevis pour vis Pozidriv®-Supadriv® (art. 1299PZ)",
            "SortNo": 1
        }
    ],
    "BrandName": "BetamaX",
    "BrandNo": "10013",
    "Documents": [],
    "GTIN": [
        "8014230436029"
    ],
    "GenArts": [
        {
            "Description": "Jeu de 6 tournevis pour vis Pozidriv®-Supadriv® (art. 1299PZ)",
            "StandardisedArticleDescription": "Jeu de 6 tournevis pour vis Pozidriv®-Supadriv® (art. 1299PZ)",
            "GenArtNo": -10013
        }
    ],
    "HasPartList": false,
    "HasTextInfo": false,
    "LogoBrand": [
        {
            "Name": "05.jpg",
            "Extension": "JPG",
            "Path": "/img/10013/05.jpg"
        }
    ],
    "Pictures": [
        {
            "Name": "1299PZ_slash_S6.jpg",
            "Extension": "JPG",
            "Path": "/img/10013/1299PZ_slash_S6.jpg",
            "SortNo": 1
        }
    ],
    "Replaced_by": [],
    "Replaces": [],
    "Status": "",
    "TradeNo": [
        "012990306"
    ],
    "URL": []
}