{
    "ArtNo": "1299HS",
    "Attributs": [
        {
            "Attribute": "Description",
            "Value": "Tournevis pour vis Pozidriv(R)-Supadriv(R) H-SAFE",
            "SortNo": 1
        },
        {
            "Attribute": "PZ",
            "Value": "3",
            "SortNo": 2
        },
        {
            "Attribute": "L \nmm",
            "Value": "150",
            "SortNo": 3
        },
        {
            "Attribute": "L1 \nmm",
            "Value": "282",
            "SortNo": 4
        }
    ],
    "BrandName": "Beta H-SAFE",
    "BrandNo": "10013",
    "Documents": [],
    "GTIN": [
        "8014230860442"
    ],
    "GenArts": [
        {
            "Description": "Tournevis pour vis Pozidriv(R)-Supadriv(R) H-SAFE",
            "StandardisedArticleDescription": "Tournevis pour vis Pozidriv(R)-Supadriv(R) H-SAFE",
            "GenArtNo": -10013
        }
    ],
    "HasPartList": false,
    "HasTextInfo": false,
    "LogoBrand": [
        {
            "Name": "12HS.jpg",
            "Extension": "JPG",
            "Path": "/img/10013/12HS.jpg"
        }
    ],
    "Pictures": [
        {
            "Name": "1299HS.jpg",
            "Extension": "JPG",
            "Path": "/img/10013/1299HS.jpg",
            "SortNo": 1
        }
    ],
    "Replaced_by": [],
    "Replaces": [],
    "Status": "",
    "TradeNo": [
        "012994009"
    ],
    "URL": []
}