{
    "ArtNo": "1299N/PZ",
    "Attributs": [
        {
            "Attribute": "Description",
            "Value": "Tournevis à lame courte pour vis Pozidriv®-Supadriv®",
            "SortNo": 1
        },
        {
            "Attribute": "PZ",
            "Value": "2",
            "SortNo": 2
        },
        {
            "Attribute": "L \nmm",
            "Value": "30",
            "SortNo": 3
        },
        {
            "Attribute": "L1 \nmm",
            "Value": "86",
            "SortNo": 4
        }
    ],
    "BrandName": "BetamaX",
    "BrandNo": "10013",
    "Documents": [],
    "GTIN": [
        "8014230385624"
    ],
    "GenArts": [
        {
            "Description": "Tournevis à lame courte pour vis Pozidriv®-Supadriv®",
            "StandardisedArticleDescription": "Tournevis à lame courte pour vis Pozidriv®-Supadriv®",
            "GenArtNo": -10013
        }
    ],
    "HasPartList": false,
    "HasTextInfo": false,
    "LogoBrand": [
        {
            "Name": "05.jpg",
            "Extension": "JPG",
            "Path": "/img/10013/05.jpg"
        }
    ],
    "Pictures": [
        {
            "Name": "1299N_slash_PZ.jpg",
            "Extension": "JPG",
            "Path": "/img/10013/1299N_slash_PZ.jpg",
            "SortNo": 1
        }
    ],
    "Replaced_by": [],
    "Replaces": [],
    "Status": "",
    "TradeNo": [
        "012990024"
    ],
    "URL": []
}