{
    "ArtNo": "1302",
    "Attributs": [
        {
            "Attribute": "Description",
            "Value": "Table à main ronde bombée et panne",
            "SortNo": 1
        },
        {
            "Attribute": " \ng",
            "Value": "770",
            "SortNo": 2
        }
    ],
    "BrandName": "Beta",
    "BrandNo": "10013",
    "Documents": [],
    "GTIN": [
        "8014230043388"
    ],
    "GenArts": [
        {
            "Description": "Table à main ronde bombée et panne",
            "StandardisedArticleDescription": "Table à main ronde bombée et panne",
            "GenArtNo": -10013
        }
    ],
    "HasPartList": false,
    "HasTextInfo": false,
    "LogoBrand": [
        {
            "Name": "16.jpg",
            "Extension": "JPG",
            "Path": "/img/10013/16.jpg"
        }
    ],
    "Pictures": [
        {
            "Name": "1302.jpg",
            "Extension": "JPG",
            "Path": "/img/10013/1302.jpg",
            "SortNo": 1
        }
    ],
    "Replaced_by": [],
    "Replaces": [],
    "Status": "",
    "TradeNo": [
        "013020001"
    ],
    "URL": []
}