{
    "ArtNo": "1305Z",
    "Attributs": [
        {
            "Attribute": "Description",
            "Value": "Tas à courbure quadrillée",
            "SortNo": 1
        },
        {
            "Attribute": " \ng",
            "Value": "1065",
            "SortNo": 2
        }
    ],
    "BrandName": "Beta",
    "BrandNo": "10013",
    "Documents": [],
    "GTIN": [
        "8014230043425"
    ],
    "GenArts": [
        {
            "Description": "Tas à courbure quadrillée",
            "StandardisedArticleDescription": "Tas à courbure quadrillée",
            "GenArtNo": -10013
        }
    ],
    "HasPartList": false,
    "HasTextInfo": false,
    "LogoBrand": [
        {
            "Name": "16.jpg",
            "Extension": "JPG",
            "Path": "/img/10013/16.jpg"
        }
    ],
    "Pictures": [
        {
            "Name": "1305Z.jpg",
            "Extension": "JPG",
            "Path": "/img/10013/1305Z.jpg",
            "SortNo": 1
        }
    ],
    "Replaced_by": [],
    "Replaces": [],
    "Status": "",
    "TradeNo": [
        "013050002"
    ],
    "URL": []
}