{
    "ArtNo": "FMPEQ0779Z",
    "Attributs": [
        {
            "Attribute": "Ressort avec tambour monté",
            "Value": "",
            "SortNo": 1
        }
    ],
    "BrandName": "FIT",
    "BrandNo": "10001",
    "Documents": [],
    "GTIN": [],
    "GenArts": [
        {
            "Description": "Ensemble ressort 4,5 x 737 chauffeur, zingué",
            "StandardisedArticleDescription": "Ensemble ressort 4,5 x 737 chauffeur, zingué",
            "GenArtNo": -10001
        }
    ],
    "HasPartList": false,
    "HasTextInfo": false,
    "LogoBrand": [
        {
            "Name": "FMPEQ0779Z",
            "Extension": "",
            "Path": "/img/10001/FMPEQ0779Z"
        }
    ],
    "Pictures": [
        {
            "Name": "FMPEQ0779Z",
            "Extension": "",
            "Path": "/img/10001/FMPEQ0779Z",
            "SortNo": 1
        }
    ],
    "Replaced_by": [],
    "Replaces": [],
    "Status": "",
    "TradeNo": [],
    "URL": []
}