{
    "ArtNo": "MPEP0801",
    "Attributs": [
        {
            "Attribute": "Tige Inox et roulement renforcé",
            "Value": "",
            "SortNo": 1
        }
    ],
    "BrandName": "FIT",
    "BrandNo": "10001",
    "Documents": [],
    "GTIN": [],
    "GenArts": [
        {
            "Description": "Roulette FIT MAX Inox (verte)",
            "StandardisedArticleDescription": "Roulette FIT MAX Inox (verte)",
            "GenArtNo": -10001
        }
    ],
    "HasPartList": false,
    "HasTextInfo": false,
    "LogoBrand": [
        {
            "Name": "MPEP0801",
            "Extension": "",
            "Path": "/img/10001/MPEP0801"
        }
    ],
    "Pictures": [
        {
            "Name": "MPEP0801",
            "Extension": "",
            "Path": "/img/10001/MPEP0801",
            "SortNo": 1
        }
    ],
    "Replaced_by": [],
    "Replaces": [],
    "Status": "",
    "TradeNo": [],
    "URL": []
}